ISO-10303-21;
HEADER;
/* Generated by software containing ST-Developer
 * from STEP Tools, Inc. (www.steptools.com) 
 */
/* OPTION: using custom renumber hook */

FILE_DESCRIPTION(
/* description */ ('STEP AP242 Edition 2',
'CAx-IF Rec.Pracs.---Representation and Presentation of Product Manufa
cturing Information (PMI)---4.0---2014-10-13',
'CAx-IF Rec.Pracs.---3D Tessellated Geometry---0.4---2014-09-14','2;1',
'CAx-IF Rec.Pracs.---User Defined Attributes---1.5---2016-08-15'),
/* implementation_level */ '2;1');

FILE_NAME(
/* name */ 'Part Studio 1 - top',
/* time_stamp */ '2026-05-23T07:01:22Z',
/* author */ (''),
/* organization */ (''),
/* preprocessor_version */ 'ST-DEVELOPER v20',
/* originating_system */ 'ONSHAPE BY PTC INC, 1.215',
/* authorisation */ '  ');

FILE_SCHEMA (('AP242_MANAGED_MODEL_BASED_3D_ENGINEERING_MIM_LF { 1 0 10303 442 3 1 4 }'));
ENDSEC;

DATA;
#10=SHAPE_REPRESENTATION_RELATIONSHIP('','',#2092,#11);
#11=ADVANCED_BREP_SHAPE_REPRESENTATION('',(#2090),#3758);
#12=B_SPLINE_SURFACE_WITH_KNOTS('',3,1,((#3019,#3020),(#3021,#3022),(#3023,
#3024),(#3025,#3026)),.SURF_OF_LINEAR_EXTRUSION.,.F.,.F.,.F.,(4,4),(2,2),
(0.,1.),(0.,1.),.PIECEWISE_BEZIER_KNOTS.);
#13=B_SPLINE_SURFACE_WITH_KNOTS('',3,1,((#3032,#3033),(#3034,#3035),(#3036,
#3037),(#3038,#3039)),.SURF_OF_LINEAR_EXTRUSION.,.F.,.F.,.F.,(4,4),(2,2),
(0.,1.),(0.,1.),.PIECEWISE_BEZIER_KNOTS.);
#14=B_SPLINE_SURFACE_WITH_KNOTS('',3,1,((#3045,#3046),(#3047,#3048),(#3049,
#3050),(#3051,#3052)),.SURF_OF_LINEAR_EXTRUSION.,.F.,.F.,.F.,(4,4),(2,2),
(0.,1.),(0.,1.),.PIECEWISE_BEZIER_KNOTS.);
#15=B_SPLINE_SURFACE_WITH_KNOTS('',3,1,((#3058,#3059),(#3060,#3061),(#3062,
#3063),(#3064,#3065)),.SURF_OF_LINEAR_EXTRUSION.,.F.,.F.,.F.,(4,4),(2,2),
(0.,1.),(0.,1.),.PIECEWISE_BEZIER_KNOTS.);
#16=B_SPLINE_SURFACE_WITH_KNOTS('',3,1,((#3071,#3072),(#3073,#3074),(#3075,
#3076),(#3077,#3078)),.SURF_OF_LINEAR_EXTRUSION.,.F.,.F.,.F.,(4,4),(2,2),
(0.,1.),(0.,1.),.PIECEWISE_BEZIER_KNOTS.);
#17=B_SPLINE_SURFACE_WITH_KNOTS('',3,1,((#3084,#3085),(#3086,#3087),(#3088,
#3089),(#3090,#3091)),.SURF_OF_LINEAR_EXTRUSION.,.F.,.F.,.F.,(4,4),(2,2),
(0.,1.),(0.,1.),.PIECEWISE_BEZIER_KNOTS.);
#18=B_SPLINE_SURFACE_WITH_KNOTS('',3,1,((#3101,#3102),(#3103,#3104),(#3105,
#3106),(#3107,#3108)),.SURF_OF_LINEAR_EXTRUSION.,.F.,.F.,.F.,(4,4),(2,2),
(0.,1.),(0.,1.),.PIECEWISE_BEZIER_KNOTS.);
#19=B_SPLINE_SURFACE_WITH_KNOTS('',3,1,((#3114,#3115),(#3116,#3117),(#3118,
#3119),(#3120,#3121)),.SURF_OF_LINEAR_EXTRUSION.,.F.,.F.,.F.,(4,4),(2,2),
(0.,1.),(0.,1.),.PIECEWISE_BEZIER_KNOTS.);
#20=B_SPLINE_SURFACE_WITH_KNOTS('',3,1,((#3127,#3128),(#3129,#3130),(#3131,
#3132),(#3133,#3134)),.SURF_OF_LINEAR_EXTRUSION.,.F.,.F.,.F.,(4,4),(2,2),
(0.,1.),(0.,1.),.PIECEWISE_BEZIER_KNOTS.);
#21=B_SPLINE_SURFACE_WITH_KNOTS('',3,1,((#3140,#3141),(#3142,#3143),(#3144,
#3145),(#3146,#3147)),.SURF_OF_LINEAR_EXTRUSION.,.F.,.F.,.F.,(4,4),(2,2),
(0.,1.),(0.,1.),.PIECEWISE_BEZIER_KNOTS.);
#22=B_SPLINE_SURFACE_WITH_KNOTS('',3,1,((#3153,#3154),(#3155,#3156),(#3157,
#3158),(#3159,#3160)),.SURF_OF_LINEAR_EXTRUSION.,.F.,.F.,.F.,(4,4),(2,2),
(0.,1.),(0.,1.),.PIECEWISE_BEZIER_KNOTS.);
#23=B_SPLINE_SURFACE_WITH_KNOTS('',3,1,((#3166,#3167),(#3168,#3169),(#3170,
#3171),(#3172,#3173)),.SURF_OF_LINEAR_EXTRUSION.,.F.,.F.,.F.,(4,4),(2,2),
(0.,1.),(0.,1.),.PIECEWISE_BEZIER_KNOTS.);
#24=B_SPLINE_SURFACE_WITH_KNOTS('',3,1,((#3179,#3180),(#3181,#3182),(#3183,
#3184),(#3185,#3186)),.SURF_OF_LINEAR_EXTRUSION.,.F.,.F.,.F.,(4,4),(2,2),
(0.,1.),(0.,1.),.PIECEWISE_BEZIER_KNOTS.);
#25=B_SPLINE_SURFACE_WITH_KNOTS('',3,1,((#3212,#3213),(#3214,#3215),(#3216,
#3217),(#3218,#3219)),.SURF_OF_LINEAR_EXTRUSION.,.F.,.F.,.F.,(4,4),(2,2),
(0.,1.),(0.,1.),.PIECEWISE_BEZIER_KNOTS.);
#26=B_SPLINE_SURFACE_WITH_KNOTS('',3,1,((#3224,#3225),(#3226,#3227),(#3228,
#3229),(#3230,#3231)),.SURF_OF_LINEAR_EXTRUSION.,.F.,.F.,.F.,(4,4),(2,2),
(0.,1.),(0.,1.),.PIECEWISE_BEZIER_KNOTS.);
#27=B_SPLINE_SURFACE_WITH_KNOTS('',3,1,((#3239,#3240),(#3241,#3242),(#3243,
#3244),(#3245,#3246)),.SURF_OF_LINEAR_EXTRUSION.,.F.,.F.,.F.,(4,4),(2,2),
(0.,1.),(0.,1.),.PIECEWISE_BEZIER_KNOTS.);
#28=B_SPLINE_SURFACE_WITH_KNOTS('',3,1,((#3256,#3257),(#3258,#3259),(#3260,
#3261),(#3262,#3263)),.SURF_OF_LINEAR_EXTRUSION.,.F.,.F.,.F.,(4,4),(2,2),
(0.,1.),(0.,1.),.PIECEWISE_BEZIER_KNOTS.);
#29=B_SPLINE_SURFACE_WITH_KNOTS('',3,1,((#3269,#3270),(#3271,#3272),(#3273,
#3274),(#3275,#3276)),.SURF_OF_LINEAR_EXTRUSION.,.F.,.F.,.F.,(4,4),(2,2),
(0.,1.),(0.,1.),.PIECEWISE_BEZIER_KNOTS.);
#30=B_SPLINE_SURFACE_WITH_KNOTS('',3,1,((#3282,#3283),(#3284,#3285),(#3286,
#3287),(#3288,#3289)),.SURF_OF_LINEAR_EXTRUSION.,.F.,.F.,.F.,(4,4),(2,2),
(0.,1.),(0.,1.),.PIECEWISE_BEZIER_KNOTS.);
#31=B_SPLINE_SURFACE_WITH_KNOTS('',3,1,((#3295,#3296),(#3297,#3298),(#3299,
#3300),(#3301,#3302)),.SURF_OF_LINEAR_EXTRUSION.,.F.,.F.,.F.,(4,4),(2,2),
(0.,1.),(0.,1.),.PIECEWISE_BEZIER_KNOTS.);
#32=B_SPLINE_SURFACE_WITH_KNOTS('',3,1,((#3308,#3309),(#3310,#3311),(#3312,
#3313),(#3314,#3315)),.SURF_OF_LINEAR_EXTRUSION.,.F.,.F.,.F.,(4,4),(2,2),
(0.,1.),(0.,1.),.PIECEWISE_BEZIER_KNOTS.);
#33=B_SPLINE_SURFACE_WITH_KNOTS('',3,1,((#3321,#3322),(#3323,#3324),(#3325,
#3326),(#3327,#3328)),.SURF_OF_LINEAR_EXTRUSION.,.F.,.F.,.F.,(4,4),(2,2),
(0.,1.),(0.,1.),.PIECEWISE_BEZIER_KNOTS.);
#34=B_SPLINE_SURFACE_WITH_KNOTS('',3,1,((#3334,#3335),(#3336,#3337),(#3338,
#3339),(#3340,#3341)),.SURF_OF_LINEAR_EXTRUSION.,.F.,.F.,.F.,(4,4),(2,2),
(0.,1.),(0.,1.),.PIECEWISE_BEZIER_KNOTS.);
#35=B_SPLINE_SURFACE_WITH_KNOTS('',3,1,((#3347,#3348),(#3349,#3350),(#3351,
#3352),(#3353,#3354)),.SURF_OF_LINEAR_EXTRUSION.,.F.,.F.,.F.,(4,4),(2,2),
(0.,1.),(0.,1.),.PIECEWISE_BEZIER_KNOTS.);
#36=B_SPLINE_SURFACE_WITH_KNOTS('',3,1,((#3364,#3365),(#3366,#3367),(#3368,
#3369),(#3370,#3371)),.SURF_OF_LINEAR_EXTRUSION.,.F.,.F.,.F.,(4,4),(2,2),
(0.,1.),(0.,1.),.PIECEWISE_BEZIER_KNOTS.);
#37=B_SPLINE_SURFACE_WITH_KNOTS('',3,1,((#3377,#3378),(#3379,#3380),(#3381,
#3382),(#3383,#3384)),.SURF_OF_LINEAR_EXTRUSION.,.F.,.F.,.F.,(4,4),(2,2),
(0.,1.),(0.,1.),.PIECEWISE_BEZIER_KNOTS.);
#38=B_SPLINE_SURFACE_WITH_KNOTS('',3,1,((#3390,#3391),(#3392,#3393),(#3394,
#3395),(#3396,#3397)),.SURF_OF_LINEAR_EXTRUSION.,.F.,.F.,.F.,(4,4),(2,2),
(0.,1.),(0.,1.),.PIECEWISE_BEZIER_KNOTS.);
#39=B_SPLINE_SURFACE_WITH_KNOTS('',3,1,((#3403,#3404),(#3405,#3406),(#3407,
#3408),(#3409,#3410)),.SURF_OF_LINEAR_EXTRUSION.,.F.,.F.,.F.,(4,4),(2,2),
(0.,1.),(0.,1.),.PIECEWISE_BEZIER_KNOTS.);
#40=B_SPLINE_SURFACE_WITH_KNOTS('',3,1,((#3416,#3417),(#3418,#3419),(#3420,
#3421),(#3422,#3423)),.SURF_OF_LINEAR_EXTRUSION.,.F.,.F.,.F.,(4,4),(2,2),
(0.,1.),(0.,1.),.PIECEWISE_BEZIER_KNOTS.);
#41=B_SPLINE_SURFACE_WITH_KNOTS('',3,1,((#3429,#3430),(#3431,#3432),(#3433,
#3434),(#3435,#3436)),.SURF_OF_LINEAR_EXTRUSION.,.F.,.F.,.F.,(4,4),(2,2),
(0.,1.),(0.,1.),.PIECEWISE_BEZIER_KNOTS.);
#42=B_SPLINE_SURFACE_WITH_KNOTS('',3,1,((#3446,#3447),(#3448,#3449),(#3450,
#3451),(#3452,#3453)),.SURF_OF_LINEAR_EXTRUSION.,.F.,.F.,.F.,(4,4),(2,2),
(0.,1.),(0.,1.),.PIECEWISE_BEZIER_KNOTS.);
#43=B_SPLINE_SURFACE_WITH_KNOTS('',3,1,((#3459,#3460),(#3461,#3462),(#3463,
#3464),(#3465,#3466)),.SURF_OF_LINEAR_EXTRUSION.,.F.,.F.,.F.,(4,4),(2,2),
(0.,1.),(0.,1.),.PIECEWISE_BEZIER_KNOTS.);
#44=B_SPLINE_SURFACE_WITH_KNOTS('',3,1,((#3472,#3473),(#3474,#3475),(#3476,
#3477),(#3478,#3479)),.SURF_OF_LINEAR_EXTRUSION.,.F.,.F.,.F.,(4,4),(2,2),
(0.,1.),(0.,1.),.PIECEWISE_BEZIER_KNOTS.);
#45=B_SPLINE_SURFACE_WITH_KNOTS('',3,1,((#3485,#3486),(#3487,#3488),(#3489,
#3490),(#3491,#3492)),.SURF_OF_LINEAR_EXTRUSION.,.F.,.F.,.F.,(4,4),(2,2),
(0.,1.),(0.,1.),.PIECEWISE_BEZIER_KNOTS.);
#46=B_SPLINE_SURFACE_WITH_KNOTS('',3,1,((#3498,#3499),(#3500,#3501),(#3502,
#3503),(#3504,#3505)),.SURF_OF_LINEAR_EXTRUSION.,.F.,.F.,.F.,(4,4),(2,2),
(0.,1.),(0.,1.),.PIECEWISE_BEZIER_KNOTS.);
#47=B_SPLINE_SURFACE_WITH_KNOTS('',3,1,((#3511,#3512),(#3513,#3514),(#3515,
#3516),(#3517,#3518)),.SURF_OF_LINEAR_EXTRUSION.,.F.,.F.,.F.,(4,4),(2,2),
(0.,1.),(0.,1.),.PIECEWISE_BEZIER_KNOTS.);
#48=B_SPLINE_SURFACE_WITH_KNOTS('',3,1,((#3524,#3525),(#3526,#3527),(#3528,
#3529),(#3530,#3531)),.SURF_OF_LINEAR_EXTRUSION.,.F.,.F.,.F.,(4,4),(2,2),
(0.,1.),(0.,1.),.PIECEWISE_BEZIER_KNOTS.);
#49=B_SPLINE_SURFACE_WITH_KNOTS('',3,1,((#3537,#3538),(#3539,#3540),(#3541,
#3542),(#3543,#3544)),.SURF_OF_LINEAR_EXTRUSION.,.F.,.F.,.F.,(4,4),(2,2),
(0.,1.),(0.,1.),.PIECEWISE_BEZIER_KNOTS.);
#50=B_SPLINE_SURFACE_WITH_KNOTS('',3,1,((#3554,#3555),(#3556,#3557),(#3558,
#3559),(#3560,#3561)),.SURF_OF_LINEAR_EXTRUSION.,.F.,.F.,.F.,(4,4),(2,2),
(0.,1.),(0.,1.),.PIECEWISE_BEZIER_KNOTS.);
#51=B_SPLINE_SURFACE_WITH_KNOTS('',3,1,((#3567,#3568),(#3569,#3570),(#3571,
#3572),(#3573,#3574)),.SURF_OF_LINEAR_EXTRUSION.,.F.,.F.,.F.,(4,4),(2,2),
(0.,1.),(0.,1.),.PIECEWISE_BEZIER_KNOTS.);
#52=B_SPLINE_SURFACE_WITH_KNOTS('',3,1,((#3580,#3581),(#3582,#3583),(#3584,
#3585),(#3586,#3587)),.SURF_OF_LINEAR_EXTRUSION.,.F.,.F.,.F.,(4,4),(2,2),
(0.,1.),(0.,1.),.PIECEWISE_BEZIER_KNOTS.);
#53=B_SPLINE_SURFACE_WITH_KNOTS('',3,1,((#3592,#3593),(#3594,#3595),(#3596,
#3597),(#3598,#3599)),.SURF_OF_LINEAR_EXTRUSION.,.F.,.F.,.F.,(4,4),(2,2),
(0.,1.),(0.,1.),.PIECEWISE_BEZIER_KNOTS.);
#54=B_SPLINE_SURFACE_WITH_KNOTS('',3,1,((#3612,#3613),(#3614,#3615),(#3616,
#3617),(#3618,#3619)),.SURF_OF_LINEAR_EXTRUSION.,.F.,.F.,.F.,(4,4),(2,2),
(0.,1.),(0.,1.),.PIECEWISE_BEZIER_KNOTS.);
#55=B_SPLINE_SURFACE_WITH_KNOTS('',3,1,((#3629,#3630),(#3631,#3632),(#3633,
#3634),(#3635,#3636)),.SURF_OF_LINEAR_EXTRUSION.,.F.,.F.,.F.,(4,4),(2,2),
(0.,1.),(0.,1.),.PIECEWISE_BEZIER_KNOTS.);
#56=B_SPLINE_SURFACE_WITH_KNOTS('',3,1,((#3664,#3665),(#3666,#3667),(#3668,
#3669),(#3670,#3671)),.SURF_OF_LINEAR_EXTRUSION.,.F.,.F.,.F.,(4,4),(2,2),
(0.,1.),(0.,1.),.PIECEWISE_BEZIER_KNOTS.);
#57=B_SPLINE_SURFACE_WITH_KNOTS('',3,1,((#3679,#3680),(#3681,#3682),(#3683,
#3684),(#3685,#3686)),.SURF_OF_LINEAR_EXTRUSION.,.F.,.F.,.F.,(4,4),(2,2),
(0.,1.),(0.,1.),.PIECEWISE_BEZIER_KNOTS.);
#58=B_SPLINE_SURFACE_WITH_KNOTS('',3,1,((#3692,#3693),(#3694,#3695),(#3696,
#3697),(#3698,#3699)),.SURF_OF_LINEAR_EXTRUSION.,.F.,.F.,.F.,(4,4),(2,2),
(0.,1.),(0.,1.),.PIECEWISE_BEZIER_KNOTS.);
#59=B_SPLINE_SURFACE_WITH_KNOTS('',3,1,((#3717,#3718),(#3719,#3720),(#3721,
#3722),(#3723,#3724)),.SURF_OF_LINEAR_EXTRUSION.,.F.,.F.,.F.,(4,4),(2,2),
(0.,1.),(0.,1.),.PIECEWISE_BEZIER_KNOTS.);
#60=B_SPLINE_SURFACE_WITH_KNOTS('',3,1,((#3730,#3731),(#3732,#3733),(#3734,
#3735),(#3736,#3737)),.SURF_OF_LINEAR_EXTRUSION.,.F.,.F.,.F.,(4,4),(2,2),
(0.,1.),(0.,1.),.PIECEWISE_BEZIER_KNOTS.);
#61=B_SPLINE_SURFACE_WITH_KNOTS('',3,1,((#3741,#3742),(#3743,#3744),(#3745,
#3746),(#3747,#3748)),.SURF_OF_LINEAR_EXTRUSION.,.F.,.F.,.F.,(4,4),(2,2),
(0.,1.),(0.,1.),.PIECEWISE_BEZIER_KNOTS.);
#62=TOROIDAL_SURFACE('',#2159,0.002,0.001);
#63=TOROIDAL_SURFACE('',#2167,0.002,0.001);
#64=TOROIDAL_SURFACE('',#2169,0.002,0.001);
#65=TOROIDAL_SURFACE('',#2175,0.002,0.001);
#66=SPHERICAL_SURFACE('',#2135,0.001);
#67=SPHERICAL_SURFACE('',#2146,0.001);
#68=SPHERICAL_SURFACE('',#2148,0.001);
#69=SPHERICAL_SURFACE('',#2154,0.001);
#70=CYLINDRICAL_SURFACE('',#2130,0.001);
#71=CYLINDRICAL_SURFACE('',#2133,0.001);
#72=CYLINDRICAL_SURFACE('',#2138,0.001);
#73=CYLINDRICAL_SURFACE('',#2140,0.001);
#74=CYLINDRICAL_SURFACE('',#2142,0.001);
#75=CYLINDRICAL_SURFACE('',#2144,0.001);
#76=CYLINDRICAL_SURFACE('',#2150,0.001);
#77=CYLINDRICAL_SURFACE('',#2152,0.001);
#78=CYLINDRICAL_SURFACE('',#2156,0.001);
#79=CYLINDRICAL_SURFACE('',#2157,0.001);
#80=CYLINDRICAL_SURFACE('',#2161,0.001);
#81=CYLINDRICAL_SURFACE('',#2163,0.001);
#82=CYLINDRICAL_SURFACE('',#2165,0.001);
#83=CYLINDRICAL_SURFACE('',#2171,0.001);
#84=CYLINDRICAL_SURFACE('',#2173,0.001);
#85=CYLINDRICAL_SURFACE('',#2177,0.001);
#86=CYLINDRICAL_SURFACE('',#2178,0.012056713529303);
#87=CYLINDRICAL_SURFACE('',#2187,0.00523360595764209);
#88=CYLINDRICAL_SURFACE('',#2190,0.00530682672605146);
#89=CIRCLE('',#2095,0.00530682672605146);
#90=CIRCLE('',#2096,0.00523360595764209);
#91=CIRCLE('',#2097,0.012056713529303);
#92=CIRCLE('',#2098,0.002);
#93=CIRCLE('',#2099,0.002);
#94=CIRCLE('',#2100,0.002);
#95=CIRCLE('',#2101,0.002);
#96=CIRCLE('',#2107,0.001);
#97=CIRCLE('',#2108,0.001);
#98=CIRCLE('',#2109,0.001);
#99=CIRCLE('',#2110,0.001);
#100=CIRCLE('',#2119,0.001);
#101=CIRCLE('',#2120,0.001);
#102=CIRCLE('',#2122,0.001);
#103=CIRCLE('',#2123,0.001);
#104=CIRCLE('',#2131,0.001);
#105=CIRCLE('',#2132,0.001);
#106=CIRCLE('',#2134,0.001);
#107=CIRCLE('',#2136,0.001);
#108=CIRCLE('',#2137,0.001);
#109=CIRCLE('',#2139,0.001);
#110=CIRCLE('',#2141,0.001);
#111=CIRCLE('',#2143,0.001);
#112=CIRCLE('',#2145,0.001);
#113=CIRCLE('',#2147,0.001);
#114=CIRCLE('',#2149,0.001);
#115=CIRCLE('',#2151,0.001);
#116=CIRCLE('',#2153,0.001);
#117=CIRCLE('',#2155,0.001);
#118=CIRCLE('',#2158,0.001);
#119=CIRCLE('',#2160,0.001);
#120=CIRCLE('',#2162,0.001);
#121=CIRCLE('',#2164,0.001);
#122=CIRCLE('',#2166,0.001);
#123=CIRCLE('',#2168,0.001);
#124=CIRCLE('',#2170,0.001);
#125=CIRCLE('',#2172,0.001);
#126=CIRCLE('',#2174,0.001);
#127=CIRCLE('',#2176,0.001);
#128=CIRCLE('',#2179,0.012056713529303);
#129=CIRCLE('',#2188,0.00523360595764209);
#130=CIRCLE('',#2191,0.00530682672605146);
#131=LINE('',#2600,#296);
#132=LINE('',#2602,#297);
#133=LINE('',#2604,#298);
#134=LINE('',#2630,#299);
#135=LINE('',#2690,#300);
#136=LINE('',#2736,#301);
#137=LINE('',#2738,#302);
#138=LINE('',#2740,#303);
#139=LINE('',#2742,#304);
#140=LINE('',#2744,#305);
#141=LINE('',#2774,#306);
#142=LINE('',#2799,#307);
#143=LINE('',#2802,#308);
#144=LINE('',#2804,#309);
#145=LINE('',#2806,#310);
#146=LINE('',#2807,#311);
#147=LINE('',#2812,#312);
#148=LINE('',#2816,#313);
#149=LINE('',#2820,#314);
#150=LINE('',#2824,#315);
#151=LINE('',#2827,#316);
#152=LINE('',#2829,#317);
#153=LINE('',#2831,#318);
#154=LINE('',#2833,#319);
#155=LINE('',#2836,#320);
#156=LINE('',#2838,#321);
#157=LINE('',#2840,#322);
#158=LINE('',#2842,#323);
#159=LINE('',#2845,#324);
#160=LINE('',#2847,#325);
#161=LINE('',#2849,#326);
#162=LINE('',#2851,#327);
#163=LINE('',#2854,#328);
#164=LINE('',#2856,#329);
#165=LINE('',#2858,#330);
#166=LINE('',#2860,#331);
#167=LINE('',#2863,#332);
#168=LINE('',#2865,#333);
#169=LINE('',#2867,#334);
#170=LINE('',#2873,#335);
#171=LINE('',#2875,#336);
#172=LINE('',#2877,#337);
#173=LINE('',#2879,#338);
#174=LINE('',#2881,#339);
#175=LINE('',#2883,#340);
#176=LINE('',#2885,#341);
#177=LINE('',#2887,#342);
#178=LINE('',#2890,#343);
#179=LINE('',#2892,#344);
#180=LINE('',#2894,#345);
#181=LINE('',#2896,#346);
#182=LINE('',#2898,#347);
#183=LINE('',#2900,#348);
#184=LINE('',#2902,#349);
#185=LINE('',#2904,#350);
#186=LINE('',#2906,#351);
#187=LINE('',#2908,#352);
#188=LINE('',#2910,#353);
#189=LINE('',#2912,#354);
#190=LINE('',#2916,#355);
#191=LINE('',#2920,#356);
#192=LINE('',#2922,#357);
#193=LINE('',#2924,#358);
#194=LINE('',#2926,#359);
#195=LINE('',#2930,#360);
#196=LINE('',#2934,#361);
#197=LINE('',#2936,#362);
#198=LINE('',#2938,#363);
#199=LINE('',#2940,#364);
#200=LINE('',#2942,#365);
#201=LINE('',#2944,#366);
#202=LINE('',#2946,#367);
#203=LINE('',#2947,#368);
#204=LINE('',#2949,#369);
#205=LINE('',#2951,#370);
#206=LINE('',#2954,#371);
#207=LINE('',#2955,#372);
#208=LINE('',#2957,#373);
#209=LINE('',#2959,#374);
#210=LINE('',#2961,#375);
#211=LINE('',#2962,#376);
#212=LINE('',#3014,#377);
#213=LINE('',#3018,#378);
#214=LINE('',#3027,#379);
#215=LINE('',#3040,#380);
#216=LINE('',#3053,#381);
#217=LINE('',#3066,#382);
#218=LINE('',#3079,#383);
#219=LINE('',#3092,#384);
#220=LINE('',#3098,#385);
#221=LINE('',#3100,#386);
#222=LINE('',#3109,#387);
#223=LINE('',#3122,#388);
#224=LINE('',#3135,#389);
#225=LINE('',#3148,#390);
#226=LINE('',#3161,#391);
#227=LINE('',#3174,#392);
#228=LINE('',#3187,#393);
#229=LINE('',#3193,#394);
#230=LINE('',#3195,#395);
#231=LINE('',#3197,#396);
#232=LINE('',#3199,#397);
#233=LINE('',#3201,#398);
#234=LINE('',#3203,#399);
#235=LINE('',#3205,#400);
#236=LINE('',#3207,#401);
#237=LINE('',#3209,#402);
#238=LINE('',#3211,#403);
#239=LINE('',#3232,#404);
#240=LINE('',#3238,#405);
#241=LINE('',#3247,#406);
#242=LINE('',#3253,#407);
#243=LINE('',#3264,#408);
#244=LINE('',#3277,#409);
#245=LINE('',#3290,#410);
#246=LINE('',#3303,#411);
#247=LINE('',#3316,#412);
#248=LINE('',#3329,#413);
#249=LINE('',#3342,#414);
#250=LINE('',#3355,#415);
#251=LINE('',#3361,#416);
#252=LINE('',#3363,#417);
#253=LINE('',#3372,#418);
#254=LINE('',#3385,#419);
#255=LINE('',#3398,#420);
#256=LINE('',#3411,#421);
#257=LINE('',#3424,#422);
#258=LINE('',#3437,#423);
#259=LINE('',#3443,#424);
#260=LINE('',#3454,#425);
#261=LINE('',#3467,#426);
#262=LINE('',#3480,#427);
#263=LINE('',#3493,#428);
#264=LINE('',#3506,#429);
#265=LINE('',#3519,#430);
#266=LINE('',#3532,#431);
#267=LINE('',#3545,#432);
#268=LINE('',#3551,#433);
#269=LINE('',#3553,#434);
#270=LINE('',#3562,#435);
#271=LINE('',#3575,#436);
#272=LINE('',#3605,#437);
#273=LINE('',#3611,#438);
#274=LINE('',#3624,#439);
#275=LINE('',#3641,#440);
#276=LINE('',#3647,#441);
#277=LINE('',#3649,#442);
#278=LINE('',#3651,#443);
#279=LINE('',#3653,#444);
#280=LINE('',#3655,#445);
#281=LINE('',#3657,#446);
#282=LINE('',#3659,#447);
#283=LINE('',#3661,#448);
#284=LINE('',#3663,#449);
#285=LINE('',#3672,#450);
#286=LINE('',#3678,#451);
#287=LINE('',#3687,#452);
#288=LINE('',#3700,#453);
#289=LINE('',#3706,#454);
#290=LINE('',#3708,#455);
#291=LINE('',#3710,#456);
#292=LINE('',#3712,#457);
#293=LINE('',#3714,#458);
#294=LINE('',#3716,#459);
#295=LINE('',#3725,#460);
#296=VECTOR('',#2206,1.);
#297=VECTOR('',#2207,1.);
#298=VECTOR('',#2208,1.);
#299=VECTOR('',#2209,1.);
#300=VECTOR('',#2212,1.);
#301=VECTOR('',#2217,1.);
#302=VECTOR('',#2218,1.);
#303=VECTOR('',#2219,1.);
#304=VECTOR('',#2220,1.);
#305=VECTOR('',#2221,1.);
#306=VECTOR('',#2222,1.);
#307=VECTOR('',#2223,1.);
#308=VECTOR('',#2224,1.);
#309=VECTOR('',#2225,1.);
#310=VECTOR('',#2226,1.);
#311=VECTOR('',#2227,1.);
#312=VECTOR('',#2230,1.);
#313=VECTOR('',#2233,1.);
#314=VECTOR('',#2236,1.);
#315=VECTOR('',#2241,1.);
#316=VECTOR('',#2242,1.);
#317=VECTOR('',#2243,1.);
#318=VECTOR('',#2244,1.);
#319=VECTOR('',#2247,1.);
#320=VECTOR('',#2248,1.);
#321=VECTOR('',#2249,1.);
#322=VECTOR('',#2250,1.);
#323=VECTOR('',#2253,1.);
#324=VECTOR('',#2254,1.);
#325=VECTOR('',#2255,1.);
#326=VECTOR('',#2256,1.);
#327=VECTOR('',#2259,1.);
#328=VECTOR('',#2260,1.);
#329=VECTOR('',#2261,1.);
#330=VECTOR('',#2262,1.);
#331=VECTOR('',#2265,1.);
#332=VECTOR('',#2266,1.);
#333=VECTOR('',#2267,1.);
#334=VECTOR('',#2268,1.);
#335=VECTOR('',#2279,1.);
#336=VECTOR('',#2280,1.);
#337=VECTOR('',#2281,1.);
#338=VECTOR('',#2284,1.);
#339=VECTOR('',#2285,1.);
#340=VECTOR('',#2288,1.);
#341=VECTOR('',#2289,1.);
#342=VECTOR('',#2292,1.);
#343=VECTOR('',#2293,1.);
#344=VECTOR('',#2294,1.);
#345=VECTOR('',#2295,1.);
#346=VECTOR('',#2298,1.);
#347=VECTOR('',#2299,1.);
#348=VECTOR('',#2300,1.);
#349=VECTOR('',#2303,1.);
#350=VECTOR('',#2304,1.);
#351=VECTOR('',#2305,1.);
#352=VECTOR('',#2308,1.);
#353=VECTOR('',#2311,1.);
#354=VECTOR('',#2312,1.);
#355=VECTOR('',#2315,1.);
#356=VECTOR('',#2318,1.);
#357=VECTOR('',#2319,1.);
#358=VECTOR('',#2322,1.);
#359=VECTOR('',#2323,1.);
#360=VECTOR('',#2326,1.);
#361=VECTOR('',#2329,1.);
#362=VECTOR('',#2330,1.);
#363=VECTOR('',#2333,1.);
#364=VECTOR('',#2334,1.);
#365=VECTOR('',#2335,1.);
#366=VECTOR('',#2338,1.);
#367=VECTOR('',#2339,1.);
#368=VECTOR('',#2340,1.);
#369=VECTOR('',#2341,1.);
#370=VECTOR('',#2344,1.);
#371=VECTOR('',#2345,1.);
#372=VECTOR('',#2346,1.);
#373=VECTOR('',#2349,1.);
#374=VECTOR('',#2350,1.);
#375=VECTOR('',#2351,1.);
#376=VECTOR('',#2352,1.);
#377=VECTOR('',#2455,1.);
#378=VECTOR('',#2458,1.);
#379=VECTOR('',#2459,1.);
#380=VECTOR('',#2460,1.);
#381=VECTOR('',#2461,1.);
#382=VECTOR('',#2462,1.);
#383=VECTOR('',#2463,1.);
#384=VECTOR('',#2464,1.);
#385=VECTOR('',#2467,1.);
#386=VECTOR('',#2468,1.);
#387=VECTOR('',#2469,1.);
#388=VECTOR('',#2470,1.);
#389=VECTOR('',#2471,1.);
#390=VECTOR('',#2472,1.);
#391=VECTOR('',#2473,1.);
#392=VECTOR('',#2474,1.);
#393=VECTOR('',#2475,1.);
#394=VECTOR('',#2478,1.);
#395=VECTOR('',#2479,1.);
#396=VECTOR('',#2482,1.);
#397=VECTOR('',#2483,1.);
#398=VECTOR('',#2486,1.);
#399=VECTOR('',#2487,1.);
#400=VECTOR('',#2490,1.);
#401=VECTOR('',#2491,1.);
#402=VECTOR('',#2494,1.);
#403=VECTOR('',#2495,1.);
#404=VECTOR('',#2498,1.);
#405=VECTOR('',#2499,1.);
#406=VECTOR('',#2500,1.);
#407=VECTOR('',#2503,1.);
#408=VECTOR('',#2506,1.);
#409=VECTOR('',#2507,1.);
#410=VECTOR('',#2508,1.);
#411=VECTOR('',#2509,1.);
#412=VECTOR('',#2510,1.);
#413=VECTOR('',#2511,1.);
#414=VECTOR('',#2512,1.);
#415=VECTOR('',#2513,1.);
#416=VECTOR('',#2516,1.);
#417=VECTOR('',#2517,1.);
#418=VECTOR('',#2518,1.);
#419=VECTOR('',#2519,1.);
#420=VECTOR('',#2520,1.);
#421=VECTOR('',#2521,1.);
#422=VECTOR('',#2522,1.);
#423=VECTOR('',#2523,1.);
#424=VECTOR('',#2526,1.);
#425=VECTOR('',#2529,1.);
#426=VECTOR('',#2530,1.);
#427=VECTOR('',#2531,1.);
#428=VECTOR('',#2532,1.);
#429=VECTOR('',#2533,1.);
#430=VECTOR('',#2534,1.);
#431=VECTOR('',#2535,1.);
#432=VECTOR('',#2536,1.);
#433=VECTOR('',#2539,1.);
#434=VECTOR('',#2540,1.);
#435=VECTOR('',#2541,1.);
#436=VECTOR('',#2542,1.);
#437=VECTOR('',#2545,1.);
#438=VECTOR('',#2546,1.);
#439=VECTOR('',#2547,1.);
#440=VECTOR('',#2548,1.);
#441=VECTOR('',#2551,1.);
#442=VECTOR('',#2552,1.);
#443=VECTOR('',#2553,1.);
#444=VECTOR('',#2556,1.);
#445=VECTOR('',#2557,1.);
#446=VECTOR('',#2558,1.);
#447=VECTOR('',#2561,1.);
#448=VECTOR('',#2562,1.);
#449=VECTOR('',#2563,1.);
#450=VECTOR('',#2564,1.);
#451=VECTOR('',#2565,1.);
#452=VECTOR('',#2566,1.);
#453=VECTOR('',#2567,1.);
#454=VECTOR('',#2570,1.);
#455=VECTOR('',#2571,1.);
#456=VECTOR('',#2574,1.);
#457=VECTOR('',#2575,1.);
#458=VECTOR('',#2578,1.);
#459=VECTOR('',#2579,1.);
#460=VECTOR('',#2580,1.);
#461=ORIENTED_EDGE('',*,*,#1075,.T.);
#462=ORIENTED_EDGE('',*,*,#1076,.T.);
#463=ORIENTED_EDGE('',*,*,#1077,.T.);
#464=ORIENTED_EDGE('',*,*,#1078,.T.);
#465=ORIENTED_EDGE('',*,*,#1079,.T.);
#466=ORIENTED_EDGE('',*,*,#1080,.T.);
#467=ORIENTED_EDGE('',*,*,#1081,.T.);
#468=ORIENTED_EDGE('',*,*,#1082,.T.);
#469=ORIENTED_EDGE('',*,*,#1083,.T.);
#470=ORIENTED_EDGE('',*,*,#1084,.T.);
#471=ORIENTED_EDGE('',*,*,#1085,.T.);
#472=ORIENTED_EDGE('',*,*,#1086,.T.);
#473=ORIENTED_EDGE('',*,*,#1087,.T.);
#474=ORIENTED_EDGE('',*,*,#1088,.T.);
#475=ORIENTED_EDGE('',*,*,#1089,.T.);
#476=ORIENTED_EDGE('',*,*,#1090,.T.);
#477=ORIENTED_EDGE('',*,*,#1091,.T.);
#478=ORIENTED_EDGE('',*,*,#1092,.T.);
#479=ORIENTED_EDGE('',*,*,#1093,.T.);
#480=ORIENTED_EDGE('',*,*,#1094,.T.);
#481=ORIENTED_EDGE('',*,*,#1095,.T.);
#482=ORIENTED_EDGE('',*,*,#1096,.T.);
#483=ORIENTED_EDGE('',*,*,#1097,.T.);
#484=ORIENTED_EDGE('',*,*,#1098,.T.);
#485=ORIENTED_EDGE('',*,*,#1099,.T.);
#486=ORIENTED_EDGE('',*,*,#1100,.T.);
#487=ORIENTED_EDGE('',*,*,#1101,.T.);
#488=ORIENTED_EDGE('',*,*,#1102,.T.);
#489=ORIENTED_EDGE('',*,*,#1103,.T.);
#490=ORIENTED_EDGE('',*,*,#1104,.T.);
#491=ORIENTED_EDGE('',*,*,#1105,.T.);
#492=ORIENTED_EDGE('',*,*,#1106,.T.);
#493=ORIENTED_EDGE('',*,*,#1107,.T.);
#494=ORIENTED_EDGE('',*,*,#1108,.T.);
#495=ORIENTED_EDGE('',*,*,#1109,.T.);
#496=ORIENTED_EDGE('',*,*,#1110,.T.);
#497=ORIENTED_EDGE('',*,*,#1111,.T.);
#498=ORIENTED_EDGE('',*,*,#1112,.T.);
#499=ORIENTED_EDGE('',*,*,#1113,.T.);
#500=ORIENTED_EDGE('',*,*,#1114,.T.);
#501=ORIENTED_EDGE('',*,*,#1115,.T.);
#502=ORIENTED_EDGE('',*,*,#1116,.T.);
#503=ORIENTED_EDGE('',*,*,#1117,.T.);
#504=ORIENTED_EDGE('',*,*,#1118,.T.);
#505=ORIENTED_EDGE('',*,*,#1119,.T.);
#506=ORIENTED_EDGE('',*,*,#1120,.T.);
#507=ORIENTED_EDGE('',*,*,#1121,.T.);
#508=ORIENTED_EDGE('',*,*,#1122,.T.);
#509=ORIENTED_EDGE('',*,*,#1123,.T.);
#510=ORIENTED_EDGE('',*,*,#1124,.T.);
#511=ORIENTED_EDGE('',*,*,#1125,.T.);
#512=ORIENTED_EDGE('',*,*,#1126,.T.);
#513=ORIENTED_EDGE('',*,*,#1127,.T.);
#514=ORIENTED_EDGE('',*,*,#1128,.T.);
#515=ORIENTED_EDGE('',*,*,#1129,.T.);
#516=ORIENTED_EDGE('',*,*,#1130,.T.);
#517=ORIENTED_EDGE('',*,*,#1131,.T.);
#518=ORIENTED_EDGE('',*,*,#1132,.T.);
#519=ORIENTED_EDGE('',*,*,#1133,.T.);
#520=ORIENTED_EDGE('',*,*,#1134,.T.);
#521=ORIENTED_EDGE('',*,*,#1135,.T.);
#522=ORIENTED_EDGE('',*,*,#1136,.T.);
#523=ORIENTED_EDGE('',*,*,#1137,.T.);
#524=ORIENTED_EDGE('',*,*,#1138,.T.);
#525=ORIENTED_EDGE('',*,*,#1139,.T.);
#526=ORIENTED_EDGE('',*,*,#1140,.T.);
#527=ORIENTED_EDGE('',*,*,#1141,.T.);
#528=ORIENTED_EDGE('',*,*,#1142,.T.);
#529=ORIENTED_EDGE('',*,*,#1143,.T.);
#530=ORIENTED_EDGE('',*,*,#1144,.F.);
#531=ORIENTED_EDGE('',*,*,#1145,.T.);
#532=ORIENTED_EDGE('',*,*,#1146,.F.);
#533=ORIENTED_EDGE('',*,*,#1147,.T.);
#534=ORIENTED_EDGE('',*,*,#1148,.T.);
#535=ORIENTED_EDGE('',*,*,#1149,.T.);
#536=ORIENTED_EDGE('',*,*,#1150,.T.);
#537=ORIENTED_EDGE('',*,*,#1151,.T.);
#538=ORIENTED_EDGE('',*,*,#1152,.T.);
#539=ORIENTED_EDGE('',*,*,#1153,.F.);
#540=ORIENTED_EDGE('',*,*,#1154,.T.);
#541=ORIENTED_EDGE('',*,*,#1155,.T.);
#542=ORIENTED_EDGE('',*,*,#1156,.T.);
#543=ORIENTED_EDGE('',*,*,#1157,.T.);
#544=ORIENTED_EDGE('',*,*,#1158,.T.);
#545=ORIENTED_EDGE('',*,*,#1159,.T.);
#546=ORIENTED_EDGE('',*,*,#1160,.T.);
#547=ORIENTED_EDGE('',*,*,#1161,.F.);
#548=ORIENTED_EDGE('',*,*,#1162,.T.);
#549=ORIENTED_EDGE('',*,*,#1163,.F.);
#550=ORIENTED_EDGE('',*,*,#1164,.T.);
#551=ORIENTED_EDGE('',*,*,#1165,.T.);
#552=ORIENTED_EDGE('',*,*,#1166,.F.);
#553=ORIENTED_EDGE('',*,*,#1157,.F.);
#554=ORIENTED_EDGE('',*,*,#1167,.T.);
#555=ORIENTED_EDGE('',*,*,#1147,.F.);
#556=ORIENTED_EDGE('',*,*,#1168,.T.);
#557=ORIENTED_EDGE('',*,*,#1153,.T.);
#558=ORIENTED_EDGE('',*,*,#1169,.T.);
#559=ORIENTED_EDGE('',*,*,#1161,.T.);
#560=ORIENTED_EDGE('',*,*,#1170,.T.);
#561=ORIENTED_EDGE('',*,*,#1164,.F.);
#562=ORIENTED_EDGE('',*,*,#1171,.F.);
#563=ORIENTED_EDGE('',*,*,#1172,.T.);
#564=ORIENTED_EDGE('',*,*,#1173,.T.);
#565=ORIENTED_EDGE('',*,*,#1163,.T.);
#566=ORIENTED_EDGE('',*,*,#1174,.F.);
#567=ORIENTED_EDGE('',*,*,#1175,.F.);
#568=ORIENTED_EDGE('',*,*,#1171,.T.);
#569=ORIENTED_EDGE('',*,*,#1166,.T.);
#570=ORIENTED_EDGE('',*,*,#1176,.F.);
#571=ORIENTED_EDGE('',*,*,#1177,.F.);
#572=ORIENTED_EDGE('',*,*,#1174,.T.);
#573=ORIENTED_EDGE('',*,*,#1178,.F.);
#574=ORIENTED_EDGE('',*,*,#1179,.F.);
#575=ORIENTED_EDGE('',*,*,#1180,.T.);
#576=ORIENTED_EDGE('',*,*,#1181,.T.);
#577=ORIENTED_EDGE('',*,*,#1182,.F.);
#578=ORIENTED_EDGE('',*,*,#1183,.T.);
#579=ORIENTED_EDGE('',*,*,#1184,.T.);
#580=ORIENTED_EDGE('',*,*,#1179,.T.);
#581=ORIENTED_EDGE('',*,*,#1185,.F.);
#582=ORIENTED_EDGE('',*,*,#1186,.T.);
#583=ORIENTED_EDGE('',*,*,#1187,.T.);
#584=ORIENTED_EDGE('',*,*,#1181,.F.);
#585=ORIENTED_EDGE('',*,*,#1165,.F.);
#586=ORIENTED_EDGE('',*,*,#1173,.F.);
#587=ORIENTED_EDGE('',*,*,#1188,.T.);
#588=ORIENTED_EDGE('',*,*,#1176,.T.);
#589=ORIENTED_EDGE('',*,*,#1189,.T.);
#590=ORIENTED_EDGE('',*,*,#1190,.T.);
#591=ORIENTED_EDGE('',*,*,#1191,.T.);
#592=ORIENTED_EDGE('',*,*,#1192,.T.);
#593=ORIENTED_EDGE('',*,*,#1193,.T.);
#594=ORIENTED_EDGE('',*,*,#1194,.F.);
#595=ORIENTED_EDGE('',*,*,#1195,.T.);
#596=ORIENTED_EDGE('',*,*,#1185,.T.);
#597=ORIENTED_EDGE('',*,*,#1180,.F.);
#598=ORIENTED_EDGE('',*,*,#1184,.F.);
#599=ORIENTED_EDGE('',*,*,#1172,.F.);
#600=ORIENTED_EDGE('',*,*,#1175,.T.);
#601=ORIENTED_EDGE('',*,*,#1177,.T.);
#602=ORIENTED_EDGE('',*,*,#1188,.F.);
#603=ORIENTED_EDGE('',*,*,#1187,.F.);
#604=ORIENTED_EDGE('',*,*,#1196,.T.);
#605=ORIENTED_EDGE('',*,*,#1197,.F.);
#606=ORIENTED_EDGE('',*,*,#1198,.T.);
#607=ORIENTED_EDGE('',*,*,#1199,.T.);
#608=ORIENTED_EDGE('',*,*,#1200,.T.);
#609=ORIENTED_EDGE('',*,*,#1201,.T.);
#610=ORIENTED_EDGE('',*,*,#1202,.T.);
#611=ORIENTED_EDGE('',*,*,#1182,.T.);
#612=ORIENTED_EDGE('',*,*,#1178,.T.);
#613=ORIENTED_EDGE('',*,*,#1192,.F.);
#614=ORIENTED_EDGE('',*,*,#1203,.T.);
#615=ORIENTED_EDGE('',*,*,#1204,.T.);
#616=ORIENTED_EDGE('',*,*,#1205,.T.);
#617=ORIENTED_EDGE('',*,*,#1206,.T.);
#618=ORIENTED_EDGE('',*,*,#1197,.T.);
#619=ORIENTED_EDGE('',*,*,#1207,.T.);
#620=ORIENTED_EDGE('',*,*,#1194,.T.);
#621=ORIENTED_EDGE('',*,*,#1208,.T.);
#622=ORIENTED_EDGE('',*,*,#1209,.T.);
#623=ORIENTED_EDGE('',*,*,#1210,.T.);
#624=ORIENTED_EDGE('',*,*,#1211,.T.);
#625=ORIENTED_EDGE('',*,*,#1199,.F.);
#626=ORIENTED_EDGE('',*,*,#1212,.T.);
#627=ORIENTED_EDGE('',*,*,#1201,.F.);
#628=ORIENTED_EDGE('',*,*,#1213,.T.);
#629=ORIENTED_EDGE('',*,*,#1214,.T.);
#630=ORIENTED_EDGE('',*,*,#1215,.T.);
#631=ORIENTED_EDGE('',*,*,#1190,.F.);
#632=ORIENTED_EDGE('',*,*,#1216,.T.);
#633=ORIENTED_EDGE('',*,*,#1189,.F.);
#634=ORIENTED_EDGE('',*,*,#1183,.F.);
#635=ORIENTED_EDGE('',*,*,#1202,.F.);
#636=ORIENTED_EDGE('',*,*,#1216,.F.);
#637=ORIENTED_EDGE('',*,*,#1195,.F.);
#638=ORIENTED_EDGE('',*,*,#1207,.F.);
#639=ORIENTED_EDGE('',*,*,#1196,.F.);
#640=ORIENTED_EDGE('',*,*,#1186,.F.);
#641=ORIENTED_EDGE('',*,*,#1141,.F.);
#642=ORIENTED_EDGE('',*,*,#1217,.T.);
#643=ORIENTED_EDGE('',*,*,#1210,.F.);
#644=ORIENTED_EDGE('',*,*,#1218,.T.);
#645=ORIENTED_EDGE('',*,*,#1219,.F.);
#646=ORIENTED_EDGE('',*,*,#1162,.F.);
#647=ORIENTED_EDGE('',*,*,#1169,.F.);
#648=ORIENTED_EDGE('',*,*,#1152,.F.);
#649=ORIENTED_EDGE('',*,*,#1220,.F.);
#650=ORIENTED_EDGE('',*,*,#1219,.T.);
#651=ORIENTED_EDGE('',*,*,#1221,.F.);
#652=ORIENTED_EDGE('',*,*,#1168,.F.);
#653=ORIENTED_EDGE('',*,*,#1150,.F.);
#654=ORIENTED_EDGE('',*,*,#1222,.F.);
#655=ORIENTED_EDGE('',*,*,#1154,.F.);
#656=ORIENTED_EDGE('',*,*,#1221,.T.);
#657=ORIENTED_EDGE('',*,*,#1151,.F.);
#658=ORIENTED_EDGE('',*,*,#1223,.F.);
#659=ORIENTED_EDGE('',*,*,#1138,.F.);
#660=ORIENTED_EDGE('',*,*,#1220,.T.);
#661=ORIENTED_EDGE('',*,*,#1137,.F.);
#662=ORIENTED_EDGE('',*,*,#1224,.F.);
#663=ORIENTED_EDGE('',*,*,#1159,.F.);
#664=ORIENTED_EDGE('',*,*,#1170,.F.);
#665=ORIENTED_EDGE('',*,*,#1160,.F.);
#666=ORIENTED_EDGE('',*,*,#1225,.F.);
#667=ORIENTED_EDGE('',*,*,#1158,.F.);
#668=ORIENTED_EDGE('',*,*,#1223,.T.);
#669=ORIENTED_EDGE('',*,*,#1222,.T.);
#670=ORIENTED_EDGE('',*,*,#1226,.F.);
#671=ORIENTED_EDGE('',*,*,#1225,.T.);
#672=ORIENTED_EDGE('',*,*,#1224,.T.);
#673=ORIENTED_EDGE('',*,*,#1227,.F.);
#674=ORIENTED_EDGE('',*,*,#1226,.T.);
#675=ORIENTED_EDGE('',*,*,#1149,.F.);
#676=ORIENTED_EDGE('',*,*,#1228,.F.);
#677=ORIENTED_EDGE('',*,*,#1135,.F.);
#678=ORIENTED_EDGE('',*,*,#1227,.T.);
#679=ORIENTED_EDGE('',*,*,#1136,.F.);
#680=ORIENTED_EDGE('',*,*,#1229,.F.);
#681=ORIENTED_EDGE('',*,*,#1155,.F.);
#682=ORIENTED_EDGE('',*,*,#1229,.T.);
#683=ORIENTED_EDGE('',*,*,#1228,.T.);
#684=ORIENTED_EDGE('',*,*,#1230,.F.);
#685=ORIENTED_EDGE('',*,*,#1230,.T.);
#686=ORIENTED_EDGE('',*,*,#1148,.F.);
#687=ORIENTED_EDGE('',*,*,#1167,.F.);
#688=ORIENTED_EDGE('',*,*,#1156,.F.);
#689=ORIENTED_EDGE('',*,*,#1198,.F.);
#690=ORIENTED_EDGE('',*,*,#1206,.F.);
#691=ORIENTED_EDGE('',*,*,#1231,.F.);
#692=ORIENTED_EDGE('',*,*,#1212,.F.);
#693=ORIENTED_EDGE('',*,*,#1218,.F.);
#694=ORIENTED_EDGE('',*,*,#1231,.T.);
#695=ORIENTED_EDGE('',*,*,#1232,.F.);
#696=ORIENTED_EDGE('',*,*,#1142,.F.);
#697=ORIENTED_EDGE('',*,*,#1193,.F.);
#698=ORIENTED_EDGE('',*,*,#1205,.F.);
#699=ORIENTED_EDGE('',*,*,#1233,.F.);
#700=ORIENTED_EDGE('',*,*,#1208,.F.);
#701=ORIENTED_EDGE('',*,*,#1232,.T.);
#702=ORIENTED_EDGE('',*,*,#1209,.F.);
#703=ORIENTED_EDGE('',*,*,#1234,.F.);
#704=ORIENTED_EDGE('',*,*,#1143,.F.);
#705=ORIENTED_EDGE('',*,*,#1200,.F.);
#706=ORIENTED_EDGE('',*,*,#1211,.F.);
#707=ORIENTED_EDGE('',*,*,#1235,.F.);
#708=ORIENTED_EDGE('',*,*,#1213,.F.);
#709=ORIENTED_EDGE('',*,*,#1234,.T.);
#710=ORIENTED_EDGE('',*,*,#1233,.T.);
#711=ORIENTED_EDGE('',*,*,#1236,.F.);
#712=ORIENTED_EDGE('',*,*,#1144,.T.);
#713=ORIENTED_EDGE('',*,*,#1217,.F.);
#714=ORIENTED_EDGE('',*,*,#1140,.F.);
#715=ORIENTED_EDGE('',*,*,#1237,.F.);
#716=ORIENTED_EDGE('',*,*,#1235,.T.);
#717=ORIENTED_EDGE('',*,*,#1236,.T.);
#718=ORIENTED_EDGE('',*,*,#1204,.F.);
#719=ORIENTED_EDGE('',*,*,#1238,.F.);
#720=ORIENTED_EDGE('',*,*,#1145,.F.);
#721=ORIENTED_EDGE('',*,*,#1237,.T.);
#722=ORIENTED_EDGE('',*,*,#1139,.F.);
#723=ORIENTED_EDGE('',*,*,#1239,.F.);
#724=ORIENTED_EDGE('',*,*,#1214,.F.);
#725=ORIENTED_EDGE('',*,*,#1146,.T.);
#726=ORIENTED_EDGE('',*,*,#1238,.T.);
#727=ORIENTED_EDGE('',*,*,#1240,.F.);
#728=ORIENTED_EDGE('',*,*,#1239,.T.);
#729=ORIENTED_EDGE('',*,*,#1191,.F.);
#730=ORIENTED_EDGE('',*,*,#1215,.F.);
#731=ORIENTED_EDGE('',*,*,#1240,.T.);
#732=ORIENTED_EDGE('',*,*,#1203,.F.);
#733=ORIENTED_EDGE('',*,*,#1114,.F.);
#734=ORIENTED_EDGE('',*,*,#1241,.F.);
#735=ORIENTED_EDGE('',*,*,#1242,.T.);
#736=ORIENTED_EDGE('',*,*,#1243,.T.);
#737=ORIENTED_EDGE('',*,*,#1134,.F.);
#738=ORIENTED_EDGE('',*,*,#1244,.F.);
#739=ORIENTED_EDGE('',*,*,#1245,.T.);
#740=ORIENTED_EDGE('',*,*,#1241,.T.);
#741=ORIENTED_EDGE('',*,*,#1133,.F.);
#742=ORIENTED_EDGE('',*,*,#1246,.F.);
#743=ORIENTED_EDGE('',*,*,#1247,.T.);
#744=ORIENTED_EDGE('',*,*,#1244,.T.);
#745=ORIENTED_EDGE('',*,*,#1132,.F.);
#746=ORIENTED_EDGE('',*,*,#1248,.F.);
#747=ORIENTED_EDGE('',*,*,#1249,.T.);
#748=ORIENTED_EDGE('',*,*,#1246,.T.);
#749=ORIENTED_EDGE('',*,*,#1131,.F.);
#750=ORIENTED_EDGE('',*,*,#1250,.F.);
#751=ORIENTED_EDGE('',*,*,#1251,.T.);
#752=ORIENTED_EDGE('',*,*,#1248,.T.);
#753=ORIENTED_EDGE('',*,*,#1130,.F.);
#754=ORIENTED_EDGE('',*,*,#1252,.F.);
#755=ORIENTED_EDGE('',*,*,#1253,.T.);
#756=ORIENTED_EDGE('',*,*,#1250,.T.);
#757=ORIENTED_EDGE('',*,*,#1129,.F.);
#758=ORIENTED_EDGE('',*,*,#1254,.F.);
#759=ORIENTED_EDGE('',*,*,#1255,.T.);
#760=ORIENTED_EDGE('',*,*,#1252,.T.);
#761=ORIENTED_EDGE('',*,*,#1128,.F.);
#762=ORIENTED_EDGE('',*,*,#1256,.F.);
#763=ORIENTED_EDGE('',*,*,#1257,.T.);
#764=ORIENTED_EDGE('',*,*,#1254,.T.);
#765=ORIENTED_EDGE('',*,*,#1127,.F.);
#766=ORIENTED_EDGE('',*,*,#1258,.F.);
#767=ORIENTED_EDGE('',*,*,#1259,.T.);
#768=ORIENTED_EDGE('',*,*,#1256,.T.);
#769=ORIENTED_EDGE('',*,*,#1126,.F.);
#770=ORIENTED_EDGE('',*,*,#1260,.F.);
#771=ORIENTED_EDGE('',*,*,#1261,.T.);
#772=ORIENTED_EDGE('',*,*,#1258,.T.);
#773=ORIENTED_EDGE('',*,*,#1125,.F.);
#774=ORIENTED_EDGE('',*,*,#1262,.F.);
#775=ORIENTED_EDGE('',*,*,#1263,.T.);
#776=ORIENTED_EDGE('',*,*,#1260,.T.);
#777=ORIENTED_EDGE('',*,*,#1124,.F.);
#778=ORIENTED_EDGE('',*,*,#1264,.F.);
#779=ORIENTED_EDGE('',*,*,#1265,.T.);
#780=ORIENTED_EDGE('',*,*,#1262,.T.);
#781=ORIENTED_EDGE('',*,*,#1123,.F.);
#782=ORIENTED_EDGE('',*,*,#1266,.F.);
#783=ORIENTED_EDGE('',*,*,#1267,.T.);
#784=ORIENTED_EDGE('',*,*,#1264,.T.);
#785=ORIENTED_EDGE('',*,*,#1122,.F.);
#786=ORIENTED_EDGE('',*,*,#1268,.F.);
#787=ORIENTED_EDGE('',*,*,#1269,.T.);
#788=ORIENTED_EDGE('',*,*,#1266,.T.);
#789=ORIENTED_EDGE('',*,*,#1121,.F.);
#790=ORIENTED_EDGE('',*,*,#1270,.F.);
#791=ORIENTED_EDGE('',*,*,#1271,.T.);
#792=ORIENTED_EDGE('',*,*,#1268,.T.);
#793=ORIENTED_EDGE('',*,*,#1120,.F.);
#794=ORIENTED_EDGE('',*,*,#1272,.F.);
#795=ORIENTED_EDGE('',*,*,#1273,.T.);
#796=ORIENTED_EDGE('',*,*,#1270,.T.);
#797=ORIENTED_EDGE('',*,*,#1119,.F.);
#798=ORIENTED_EDGE('',*,*,#1274,.F.);
#799=ORIENTED_EDGE('',*,*,#1275,.T.);
#800=ORIENTED_EDGE('',*,*,#1272,.T.);
#801=ORIENTED_EDGE('',*,*,#1118,.F.);
#802=ORIENTED_EDGE('',*,*,#1276,.F.);
#803=ORIENTED_EDGE('',*,*,#1277,.T.);
#804=ORIENTED_EDGE('',*,*,#1274,.T.);
#805=ORIENTED_EDGE('',*,*,#1117,.F.);
#806=ORIENTED_EDGE('',*,*,#1278,.F.);
#807=ORIENTED_EDGE('',*,*,#1279,.T.);
#808=ORIENTED_EDGE('',*,*,#1276,.T.);
#809=ORIENTED_EDGE('',*,*,#1116,.F.);
#810=ORIENTED_EDGE('',*,*,#1280,.F.);
#811=ORIENTED_EDGE('',*,*,#1281,.T.);
#812=ORIENTED_EDGE('',*,*,#1278,.T.);
#813=ORIENTED_EDGE('',*,*,#1115,.F.);
#814=ORIENTED_EDGE('',*,*,#1243,.F.);
#815=ORIENTED_EDGE('',*,*,#1282,.T.);
#816=ORIENTED_EDGE('',*,*,#1280,.T.);
#817=ORIENTED_EDGE('',*,*,#1242,.F.);
#818=ORIENTED_EDGE('',*,*,#1245,.F.);
#819=ORIENTED_EDGE('',*,*,#1247,.F.);
#820=ORIENTED_EDGE('',*,*,#1249,.F.);
#821=ORIENTED_EDGE('',*,*,#1251,.F.);
#822=ORIENTED_EDGE('',*,*,#1253,.F.);
#823=ORIENTED_EDGE('',*,*,#1255,.F.);
#824=ORIENTED_EDGE('',*,*,#1257,.F.);
#825=ORIENTED_EDGE('',*,*,#1259,.F.);
#826=ORIENTED_EDGE('',*,*,#1261,.F.);
#827=ORIENTED_EDGE('',*,*,#1263,.F.);
#828=ORIENTED_EDGE('',*,*,#1265,.F.);
#829=ORIENTED_EDGE('',*,*,#1267,.F.);
#830=ORIENTED_EDGE('',*,*,#1269,.F.);
#831=ORIENTED_EDGE('',*,*,#1271,.F.);
#832=ORIENTED_EDGE('',*,*,#1273,.F.);
#833=ORIENTED_EDGE('',*,*,#1275,.F.);
#834=ORIENTED_EDGE('',*,*,#1277,.F.);
#835=ORIENTED_EDGE('',*,*,#1279,.F.);
#836=ORIENTED_EDGE('',*,*,#1281,.F.);
#837=ORIENTED_EDGE('',*,*,#1282,.F.);
#838=ORIENTED_EDGE('',*,*,#1083,.F.);
#839=ORIENTED_EDGE('',*,*,#1283,.F.);
#840=ORIENTED_EDGE('',*,*,#1284,.T.);
#841=ORIENTED_EDGE('',*,*,#1285,.T.);
#842=ORIENTED_EDGE('',*,*,#1113,.F.);
#843=ORIENTED_EDGE('',*,*,#1286,.F.);
#844=ORIENTED_EDGE('',*,*,#1287,.T.);
#845=ORIENTED_EDGE('',*,*,#1283,.T.);
#846=ORIENTED_EDGE('',*,*,#1112,.F.);
#847=ORIENTED_EDGE('',*,*,#1288,.F.);
#848=ORIENTED_EDGE('',*,*,#1289,.T.);
#849=ORIENTED_EDGE('',*,*,#1286,.T.);
#850=ORIENTED_EDGE('',*,*,#1111,.F.);
#851=ORIENTED_EDGE('',*,*,#1290,.F.);
#852=ORIENTED_EDGE('',*,*,#1291,.T.);
#853=ORIENTED_EDGE('',*,*,#1288,.T.);
#854=ORIENTED_EDGE('',*,*,#1110,.F.);
#855=ORIENTED_EDGE('',*,*,#1292,.F.);
#856=ORIENTED_EDGE('',*,*,#1293,.T.);
#857=ORIENTED_EDGE('',*,*,#1290,.T.);
#858=ORIENTED_EDGE('',*,*,#1109,.F.);
#859=ORIENTED_EDGE('',*,*,#1294,.F.);
#860=ORIENTED_EDGE('',*,*,#1295,.T.);
#861=ORIENTED_EDGE('',*,*,#1292,.T.);
#862=ORIENTED_EDGE('',*,*,#1108,.F.);
#863=ORIENTED_EDGE('',*,*,#1296,.F.);
#864=ORIENTED_EDGE('',*,*,#1297,.T.);
#865=ORIENTED_EDGE('',*,*,#1294,.T.);
#866=ORIENTED_EDGE('',*,*,#1107,.F.);
#867=ORIENTED_EDGE('',*,*,#1298,.F.);
#868=ORIENTED_EDGE('',*,*,#1299,.T.);
#869=ORIENTED_EDGE('',*,*,#1296,.T.);
#870=ORIENTED_EDGE('',*,*,#1106,.F.);
#871=ORIENTED_EDGE('',*,*,#1300,.F.);
#872=ORIENTED_EDGE('',*,*,#1301,.T.);
#873=ORIENTED_EDGE('',*,*,#1298,.T.);
#874=ORIENTED_EDGE('',*,*,#1105,.F.);
#875=ORIENTED_EDGE('',*,*,#1302,.F.);
#876=ORIENTED_EDGE('',*,*,#1303,.T.);
#877=ORIENTED_EDGE('',*,*,#1300,.T.);
#878=ORIENTED_EDGE('',*,*,#1104,.F.);
#879=ORIENTED_EDGE('',*,*,#1304,.F.);
#880=ORIENTED_EDGE('',*,*,#1305,.T.);
#881=ORIENTED_EDGE('',*,*,#1302,.T.);
#882=ORIENTED_EDGE('',*,*,#1103,.F.);
#883=ORIENTED_EDGE('',*,*,#1306,.F.);
#884=ORIENTED_EDGE('',*,*,#1307,.T.);
#885=ORIENTED_EDGE('',*,*,#1304,.T.);
#886=ORIENTED_EDGE('',*,*,#1102,.F.);
#887=ORIENTED_EDGE('',*,*,#1308,.F.);
#888=ORIENTED_EDGE('',*,*,#1309,.T.);
#889=ORIENTED_EDGE('',*,*,#1306,.T.);
#890=ORIENTED_EDGE('',*,*,#1101,.F.);
#891=ORIENTED_EDGE('',*,*,#1310,.F.);
#892=ORIENTED_EDGE('',*,*,#1311,.T.);
#893=ORIENTED_EDGE('',*,*,#1308,.T.);
#894=ORIENTED_EDGE('',*,*,#1100,.F.);
#895=ORIENTED_EDGE('',*,*,#1312,.F.);
#896=ORIENTED_EDGE('',*,*,#1313,.T.);
#897=ORIENTED_EDGE('',*,*,#1310,.T.);
#898=ORIENTED_EDGE('',*,*,#1099,.F.);
#899=ORIENTED_EDGE('',*,*,#1314,.F.);
#900=ORIENTED_EDGE('',*,*,#1315,.T.);
#901=ORIENTED_EDGE('',*,*,#1312,.T.);
#902=ORIENTED_EDGE('',*,*,#1098,.F.);
#903=ORIENTED_EDGE('',*,*,#1316,.F.);
#904=ORIENTED_EDGE('',*,*,#1317,.T.);
#905=ORIENTED_EDGE('',*,*,#1314,.T.);
#906=ORIENTED_EDGE('',*,*,#1097,.F.);
#907=ORIENTED_EDGE('',*,*,#1318,.F.);
#908=ORIENTED_EDGE('',*,*,#1319,.T.);
#909=ORIENTED_EDGE('',*,*,#1316,.T.);
#910=ORIENTED_EDGE('',*,*,#1096,.F.);
#911=ORIENTED_EDGE('',*,*,#1320,.F.);
#912=ORIENTED_EDGE('',*,*,#1321,.T.);
#913=ORIENTED_EDGE('',*,*,#1318,.T.);
#914=ORIENTED_EDGE('',*,*,#1095,.F.);
#915=ORIENTED_EDGE('',*,*,#1322,.F.);
#916=ORIENTED_EDGE('',*,*,#1323,.T.);
#917=ORIENTED_EDGE('',*,*,#1320,.T.);
#918=ORIENTED_EDGE('',*,*,#1094,.F.);
#919=ORIENTED_EDGE('',*,*,#1324,.F.);
#920=ORIENTED_EDGE('',*,*,#1325,.T.);
#921=ORIENTED_EDGE('',*,*,#1322,.T.);
#922=ORIENTED_EDGE('',*,*,#1093,.F.);
#923=ORIENTED_EDGE('',*,*,#1326,.F.);
#924=ORIENTED_EDGE('',*,*,#1327,.T.);
#925=ORIENTED_EDGE('',*,*,#1324,.T.);
#926=ORIENTED_EDGE('',*,*,#1092,.F.);
#927=ORIENTED_EDGE('',*,*,#1328,.F.);
#928=ORIENTED_EDGE('',*,*,#1329,.T.);
#929=ORIENTED_EDGE('',*,*,#1326,.T.);
#930=ORIENTED_EDGE('',*,*,#1091,.F.);
#931=ORIENTED_EDGE('',*,*,#1330,.F.);
#932=ORIENTED_EDGE('',*,*,#1331,.T.);
#933=ORIENTED_EDGE('',*,*,#1328,.T.);
#934=ORIENTED_EDGE('',*,*,#1090,.F.);
#935=ORIENTED_EDGE('',*,*,#1332,.F.);
#936=ORIENTED_EDGE('',*,*,#1333,.T.);
#937=ORIENTED_EDGE('',*,*,#1330,.T.);
#938=ORIENTED_EDGE('',*,*,#1089,.F.);
#939=ORIENTED_EDGE('',*,*,#1334,.F.);
#940=ORIENTED_EDGE('',*,*,#1335,.T.);
#941=ORIENTED_EDGE('',*,*,#1332,.T.);
#942=ORIENTED_EDGE('',*,*,#1088,.F.);
#943=ORIENTED_EDGE('',*,*,#1336,.F.);
#944=ORIENTED_EDGE('',*,*,#1337,.T.);
#945=ORIENTED_EDGE('',*,*,#1334,.T.);
#946=ORIENTED_EDGE('',*,*,#1087,.F.);
#947=ORIENTED_EDGE('',*,*,#1338,.F.);
#948=ORIENTED_EDGE('',*,*,#1339,.T.);
#949=ORIENTED_EDGE('',*,*,#1336,.T.);
#950=ORIENTED_EDGE('',*,*,#1086,.F.);
#951=ORIENTED_EDGE('',*,*,#1340,.F.);
#952=ORIENTED_EDGE('',*,*,#1341,.T.);
#953=ORIENTED_EDGE('',*,*,#1338,.T.);
#954=ORIENTED_EDGE('',*,*,#1085,.F.);
#955=ORIENTED_EDGE('',*,*,#1342,.F.);
#956=ORIENTED_EDGE('',*,*,#1343,.T.);
#957=ORIENTED_EDGE('',*,*,#1340,.T.);
#958=ORIENTED_EDGE('',*,*,#1084,.F.);
#959=ORIENTED_EDGE('',*,*,#1285,.F.);
#960=ORIENTED_EDGE('',*,*,#1344,.T.);
#961=ORIENTED_EDGE('',*,*,#1342,.T.);
#962=ORIENTED_EDGE('',*,*,#1284,.F.);
#963=ORIENTED_EDGE('',*,*,#1287,.F.);
#964=ORIENTED_EDGE('',*,*,#1289,.F.);
#965=ORIENTED_EDGE('',*,*,#1291,.F.);
#966=ORIENTED_EDGE('',*,*,#1293,.F.);
#967=ORIENTED_EDGE('',*,*,#1295,.F.);
#968=ORIENTED_EDGE('',*,*,#1297,.F.);
#969=ORIENTED_EDGE('',*,*,#1299,.F.);
#970=ORIENTED_EDGE('',*,*,#1301,.F.);
#971=ORIENTED_EDGE('',*,*,#1303,.F.);
#972=ORIENTED_EDGE('',*,*,#1305,.F.);
#973=ORIENTED_EDGE('',*,*,#1307,.F.);
#974=ORIENTED_EDGE('',*,*,#1309,.F.);
#975=ORIENTED_EDGE('',*,*,#1311,.F.);
#976=ORIENTED_EDGE('',*,*,#1313,.F.);
#977=ORIENTED_EDGE('',*,*,#1315,.F.);
#978=ORIENTED_EDGE('',*,*,#1317,.F.);
#979=ORIENTED_EDGE('',*,*,#1319,.F.);
#980=ORIENTED_EDGE('',*,*,#1321,.F.);
#981=ORIENTED_EDGE('',*,*,#1323,.F.);
#982=ORIENTED_EDGE('',*,*,#1325,.F.);
#983=ORIENTED_EDGE('',*,*,#1327,.F.);
#984=ORIENTED_EDGE('',*,*,#1329,.F.);
#985=ORIENTED_EDGE('',*,*,#1331,.F.);
#986=ORIENTED_EDGE('',*,*,#1333,.F.);
#987=ORIENTED_EDGE('',*,*,#1335,.F.);
#988=ORIENTED_EDGE('',*,*,#1337,.F.);
#989=ORIENTED_EDGE('',*,*,#1339,.F.);
#990=ORIENTED_EDGE('',*,*,#1341,.F.);
#991=ORIENTED_EDGE('',*,*,#1343,.F.);
#992=ORIENTED_EDGE('',*,*,#1344,.F.);
#993=ORIENTED_EDGE('',*,*,#1345,.F.);
#994=ORIENTED_EDGE('',*,*,#1346,.F.);
#995=ORIENTED_EDGE('',*,*,#1347,.T.);
#996=ORIENTED_EDGE('',*,*,#1348,.T.);
#997=ORIENTED_EDGE('',*,*,#1349,.F.);
#998=ORIENTED_EDGE('',*,*,#1350,.F.);
#999=ORIENTED_EDGE('',*,*,#1351,.T.);
#1000=ORIENTED_EDGE('',*,*,#1346,.T.);
#1001=ORIENTED_EDGE('',*,*,#1352,.F.);
#1002=ORIENTED_EDGE('',*,*,#1353,.F.);
#1003=ORIENTED_EDGE('',*,*,#1354,.T.);
#1004=ORIENTED_EDGE('',*,*,#1350,.T.);
#1005=ORIENTED_EDGE('',*,*,#1355,.F.);
#1006=ORIENTED_EDGE('',*,*,#1356,.F.);
#1007=ORIENTED_EDGE('',*,*,#1357,.T.);
#1008=ORIENTED_EDGE('',*,*,#1353,.T.);
#1009=ORIENTED_EDGE('',*,*,#1358,.F.);
#1010=ORIENTED_EDGE('',*,*,#1359,.F.);
#1011=ORIENTED_EDGE('',*,*,#1360,.T.);
#1012=ORIENTED_EDGE('',*,*,#1356,.T.);
#1013=ORIENTED_EDGE('',*,*,#1361,.F.);
#1014=ORIENTED_EDGE('',*,*,#1362,.F.);
#1015=ORIENTED_EDGE('',*,*,#1363,.T.);
#1016=ORIENTED_EDGE('',*,*,#1359,.T.);
#1017=ORIENTED_EDGE('',*,*,#1075,.F.);
#1018=ORIENTED_EDGE('',*,*,#1364,.F.);
#1019=ORIENTED_EDGE('',*,*,#1365,.T.);
#1020=ORIENTED_EDGE('',*,*,#1366,.T.);
#1021=ORIENTED_EDGE('',*,*,#1082,.F.);
#1022=ORIENTED_EDGE('',*,*,#1367,.F.);
#1023=ORIENTED_EDGE('',*,*,#1368,.T.);
#1024=ORIENTED_EDGE('',*,*,#1364,.T.);
#1025=ORIENTED_EDGE('',*,*,#1081,.F.);
#1026=ORIENTED_EDGE('',*,*,#1369,.F.);
#1027=ORIENTED_EDGE('',*,*,#1370,.T.);
#1028=ORIENTED_EDGE('',*,*,#1367,.T.);
#1029=ORIENTED_EDGE('',*,*,#1080,.F.);
#1030=ORIENTED_EDGE('',*,*,#1371,.F.);
#1031=ORIENTED_EDGE('',*,*,#1372,.T.);
#1032=ORIENTED_EDGE('',*,*,#1369,.T.);
#1033=ORIENTED_EDGE('',*,*,#1079,.F.);
#1034=ORIENTED_EDGE('',*,*,#1373,.F.);
#1035=ORIENTED_EDGE('',*,*,#1374,.T.);
#1036=ORIENTED_EDGE('',*,*,#1371,.T.);
#1037=ORIENTED_EDGE('',*,*,#1078,.F.);
#1038=ORIENTED_EDGE('',*,*,#1375,.F.);
#1039=ORIENTED_EDGE('',*,*,#1376,.T.);
#1040=ORIENTED_EDGE('',*,*,#1373,.T.);
#1041=ORIENTED_EDGE('',*,*,#1077,.F.);
#1042=ORIENTED_EDGE('',*,*,#1377,.F.);
#1043=ORIENTED_EDGE('',*,*,#1378,.T.);
#1044=ORIENTED_EDGE('',*,*,#1375,.T.);
#1045=ORIENTED_EDGE('',*,*,#1076,.F.);
#1046=ORIENTED_EDGE('',*,*,#1366,.F.);
#1047=ORIENTED_EDGE('',*,*,#1379,.T.);
#1048=ORIENTED_EDGE('',*,*,#1377,.T.);
#1049=ORIENTED_EDGE('',*,*,#1380,.F.);
#1050=ORIENTED_EDGE('',*,*,#1348,.F.);
#1051=ORIENTED_EDGE('',*,*,#1381,.T.);
#1052=ORIENTED_EDGE('',*,*,#1362,.T.);
#1053=ORIENTED_EDGE('',*,*,#1365,.F.);
#1054=ORIENTED_EDGE('',*,*,#1368,.F.);
#1055=ORIENTED_EDGE('',*,*,#1370,.F.);
#1056=ORIENTED_EDGE('',*,*,#1372,.F.);
#1057=ORIENTED_EDGE('',*,*,#1374,.F.);
#1058=ORIENTED_EDGE('',*,*,#1376,.F.);
#1059=ORIENTED_EDGE('',*,*,#1378,.F.);
#1060=ORIENTED_EDGE('',*,*,#1379,.F.);
#1061=ORIENTED_EDGE('',*,*,#1347,.F.);
#1062=ORIENTED_EDGE('',*,*,#1351,.F.);
#1063=ORIENTED_EDGE('',*,*,#1354,.F.);
#1064=ORIENTED_EDGE('',*,*,#1357,.F.);
#1065=ORIENTED_EDGE('',*,*,#1360,.F.);
#1066=ORIENTED_EDGE('',*,*,#1363,.F.);
#1067=ORIENTED_EDGE('',*,*,#1381,.F.);
#1068=ORIENTED_EDGE('',*,*,#1345,.T.);
#1069=ORIENTED_EDGE('',*,*,#1380,.T.);
#1070=ORIENTED_EDGE('',*,*,#1361,.T.);
#1071=ORIENTED_EDGE('',*,*,#1358,.T.);
#1072=ORIENTED_EDGE('',*,*,#1355,.T.);
#1073=ORIENTED_EDGE('',*,*,#1352,.T.);
#1074=ORIENTED_EDGE('',*,*,#1349,.T.);
#1075=EDGE_CURVE('',#1382,#1383,#1580,.T.);
#1076=EDGE_CURVE('',#1383,#1384,#1581,.T.);
#1077=EDGE_CURVE('',#1384,#1385,#1582,.T.);
#1078=EDGE_CURVE('',#1385,#1386,#131,.T.);
#1079=EDGE_CURVE('',#1386,#1387,#132,.T.);
#1080=EDGE_CURVE('',#1387,#1388,#133,.T.);
#1081=EDGE_CURVE('',#1388,#1389,#1583,.T.);
#1082=EDGE_CURVE('',#1389,#1382,#1584,.T.);
#1083=EDGE_CURVE('',#1390,#1391,#1585,.T.);
#1084=EDGE_CURVE('',#1391,#1392,#1586,.T.);
#1085=EDGE_CURVE('',#1392,#1393,#1587,.T.);
#1086=EDGE_CURVE('',#1393,#1394,#1588,.T.);
#1087=EDGE_CURVE('',#1394,#1395,#134,.T.);
#1088=EDGE_CURVE('',#1395,#1396,#1589,.T.);
#1089=EDGE_CURVE('',#1396,#1397,#1590,.T.);
#1090=EDGE_CURVE('',#1397,#1398,#1591,.T.);
#1091=EDGE_CURVE('',#1398,#1399,#1592,.T.);
#1092=EDGE_CURVE('',#1399,#1400,#1593,.T.);
#1093=EDGE_CURVE('',#1400,#1401,#1594,.T.);
#1094=EDGE_CURVE('',#1401,#1402,#1595,.T.);
#1095=EDGE_CURVE('',#1402,#1403,#1596,.T.);
#1096=EDGE_CURVE('',#1403,#1404,#89,.T.);
#1097=EDGE_CURVE('',#1404,#1405,#1597,.T.);
#1098=EDGE_CURVE('',#1405,#1406,#1598,.T.);
#1099=EDGE_CURVE('',#1406,#1407,#1599,.T.);
#1100=EDGE_CURVE('',#1407,#1408,#1600,.T.);
#1101=EDGE_CURVE('',#1408,#1409,#1601,.T.);
#1102=EDGE_CURVE('',#1409,#1410,#1602,.T.);
#1103=EDGE_CURVE('',#1410,#1411,#135,.T.);
#1104=EDGE_CURVE('',#1411,#1412,#1603,.T.);
#1105=EDGE_CURVE('',#1412,#1413,#1604,.T.);
#1106=EDGE_CURVE('',#1413,#1414,#1605,.T.);
#1107=EDGE_CURVE('',#1414,#1415,#1606,.T.);
#1108=EDGE_CURVE('',#1415,#1416,#1607,.T.);
#1109=EDGE_CURVE('',#1416,#1417,#1608,.T.);
#1110=EDGE_CURVE('',#1417,#1418,#1609,.T.);
#1111=EDGE_CURVE('',#1418,#1419,#1610,.T.);
#1112=EDGE_CURVE('',#1419,#1420,#90,.T.);
#1113=EDGE_CURVE('',#1420,#1390,#1611,.T.);
#1114=EDGE_CURVE('',#1421,#1422,#91,.F.);
#1115=EDGE_CURVE('',#1422,#1423,#1612,.T.);
#1116=EDGE_CURVE('',#1423,#1424,#136,.T.);
#1117=EDGE_CURVE('',#1424,#1425,#137,.T.);
#1118=EDGE_CURVE('',#1425,#1426,#138,.T.);
#1119=EDGE_CURVE('',#1426,#1427,#139,.T.);
#1120=EDGE_CURVE('',#1427,#1428,#140,.T.);
#1121=EDGE_CURVE('',#1428,#1429,#1613,.T.);
#1122=EDGE_CURVE('',#1429,#1430,#1614,.T.);
#1123=EDGE_CURVE('',#1430,#1431,#1615,.T.);
#1124=EDGE_CURVE('',#1431,#1432,#1616,.T.);
#1125=EDGE_CURVE('',#1432,#1433,#1617,.T.);
#1126=EDGE_CURVE('',#1433,#1434,#1618,.T.);
#1127=EDGE_CURVE('',#1434,#1435,#1619,.T.);
#1128=EDGE_CURVE('',#1435,#1436,#141,.T.);
#1129=EDGE_CURVE('',#1436,#1437,#1620,.T.);
#1130=EDGE_CURVE('',#1437,#1438,#1621,.T.);
#1131=EDGE_CURVE('',#1438,#1439,#1622,.T.);
#1132=EDGE_CURVE('',#1439,#1440,#1623,.T.);
#1133=EDGE_CURVE('',#1440,#1441,#1624,.T.);
#1134=EDGE_CURVE('',#1441,#1421,#1625,.T.);
#1135=EDGE_CURVE('',#1442,#1443,#142,.T.);
#1136=EDGE_CURVE('',#1443,#1444,#143,.T.);
#1137=EDGE_CURVE('',#1444,#1445,#144,.F.);
#1138=EDGE_CURVE('',#1445,#1442,#145,.F.);
#1139=EDGE_CURVE('',#1446,#1447,#146,.T.);
#1140=EDGE_CURVE('',#1447,#1448,#92,.F.);
#1141=EDGE_CURVE('',#1448,#1449,#147,.F.);
#1142=EDGE_CURVE('',#1449,#1450,#93,.F.);
#1143=EDGE_CURVE('',#1450,#1451,#148,.F.);
#1144=EDGE_CURVE('',#1452,#1451,#94,.T.);
#1145=EDGE_CURVE('',#1452,#1453,#149,.T.);
#1146=EDGE_CURVE('',#1446,#1453,#95,.T.);
#1147=EDGE_CURVE('',#1454,#1455,#150,.T.);
#1148=EDGE_CURVE('',#1455,#1456,#151,.F.);
#1149=EDGE_CURVE('',#1456,#1457,#152,.F.);
#1150=EDGE_CURVE('',#1457,#1454,#153,.T.);
#1151=EDGE_CURVE('',#1458,#1459,#154,.T.);
#1152=EDGE_CURVE('',#1459,#1460,#155,.T.);
#1153=EDGE_CURVE('',#1461,#1460,#156,.T.);
#1154=EDGE_CURVE('',#1461,#1458,#157,.F.);
#1155=EDGE_CURVE('',#1462,#1463,#158,.F.);
#1156=EDGE_CURVE('',#1463,#1464,#159,.T.);
#1157=EDGE_CURVE('',#1464,#1465,#160,.T.);
#1158=EDGE_CURVE('',#1465,#1462,#161,.F.);
#1159=EDGE_CURVE('',#1466,#1467,#162,.T.);
#1160=EDGE_CURVE('',#1467,#1468,#163,.T.);
#1161=EDGE_CURVE('',#1469,#1468,#164,.T.);
#1162=EDGE_CURVE('',#1469,#1466,#165,.F.);
#1163=EDGE_CURVE('',#1470,#1471,#166,.T.);
#1164=EDGE_CURVE('',#1470,#1472,#167,.T.);
#1165=EDGE_CURVE('',#1472,#1473,#168,.T.);
#1166=EDGE_CURVE('',#1471,#1473,#169,.T.);
#1167=EDGE_CURVE('',#1464,#1455,#96,.F.);
#1168=EDGE_CURVE('',#1454,#1461,#97,.F.);
#1169=EDGE_CURVE('',#1460,#1469,#98,.F.);
#1170=EDGE_CURVE('',#1468,#1465,#99,.F.);
#1171=EDGE_CURVE('',#1474,#1470,#170,.T.);
#1172=EDGE_CURVE('',#1474,#1475,#171,.T.);
#1173=EDGE_CURVE('',#1475,#1472,#172,.T.);
#1174=EDGE_CURVE('',#1476,#1471,#173,.T.);
#1175=EDGE_CURVE('',#1474,#1476,#174,.T.);
#1176=EDGE_CURVE('',#1477,#1473,#175,.T.);
#1177=EDGE_CURVE('',#1476,#1477,#176,.T.);
#1178=EDGE_CURVE('',#1478,#1479,#177,.T.);
#1179=EDGE_CURVE('',#1480,#1478,#178,.T.);
#1180=EDGE_CURVE('',#1480,#1481,#179,.T.);
#1181=EDGE_CURVE('',#1481,#1479,#180,.T.);
#1182=EDGE_CURVE('',#1482,#1478,#181,.T.);
#1183=EDGE_CURVE('',#1482,#1483,#182,.T.);
#1184=EDGE_CURVE('',#1483,#1480,#183,.T.);
#1185=EDGE_CURVE('',#1484,#1481,#184,.T.);
#1186=EDGE_CURVE('',#1484,#1485,#185,.T.);
#1187=EDGE_CURVE('',#1485,#1479,#186,.T.);
#1188=EDGE_CURVE('',#1475,#1477,#187,.T.);
#1189=EDGE_CURVE('',#1483,#1486,#188,.T.);
#1190=EDGE_CURVE('',#1486,#1487,#189,.T.);
#1191=EDGE_CURVE('',#1487,#1488,#100,.F.);
#1192=EDGE_CURVE('',#1488,#1489,#190,.T.);
#1193=EDGE_CURVE('',#1489,#1490,#101,.F.);
#1194=EDGE_CURVE('',#1491,#1490,#191,.T.);
#1195=EDGE_CURVE('',#1491,#1484,#192,.F.);
#1196=EDGE_CURVE('',#1485,#1492,#193,.F.);
#1197=EDGE_CURVE('',#1493,#1492,#194,.T.);
#1198=EDGE_CURVE('',#1493,#1494,#102,.T.);
#1199=EDGE_CURVE('',#1494,#1495,#195,.T.);
#1200=EDGE_CURVE('',#1495,#1496,#103,.T.);
#1201=EDGE_CURVE('',#1496,#1497,#196,.F.);
#1202=EDGE_CURVE('',#1497,#1482,#197,.T.);
#1203=EDGE_CURVE('',#1488,#1498,#198,.T.);
#1204=EDGE_CURVE('',#1498,#1499,#199,.F.);
#1205=EDGE_CURVE('',#1499,#1489,#200,.F.);
#1206=EDGE_CURVE('',#1500,#1493,#201,.F.);
#1207=EDGE_CURVE('',#1492,#1491,#202,.F.);
#1208=EDGE_CURVE('',#1490,#1501,#203,.T.);
#1209=EDGE_CURVE('',#1501,#1500,#204,.T.);
#1210=EDGE_CURVE('',#1502,#1503,#205,.T.);
#1211=EDGE_CURVE('',#1503,#1495,#206,.F.);
#1212=EDGE_CURVE('',#1494,#1502,#207,.T.);
#1213=EDGE_CURVE('',#1496,#1504,#208,.T.);
#1214=EDGE_CURVE('',#1504,#1505,#209,.F.);
#1215=EDGE_CURVE('',#1505,#1487,#210,.F.);
#1216=EDGE_CURVE('',#1486,#1497,#211,.T.);
#1217=EDGE_CURVE('',#1448,#1503,#104,.T.);
#1218=EDGE_CURVE('',#1502,#1449,#105,.T.);
#1219=EDGE_CURVE('',#1466,#1459,#106,.T.);
#1220=EDGE_CURVE('',#1466,#1445,#107,.F.);
#1221=EDGE_CURVE('',#1445,#1459,#108,.F.);
#1222=EDGE_CURVE('',#1458,#1457,#109,.T.);
#1223=EDGE_CURVE('',#1442,#1458,#110,.T.);
#1224=EDGE_CURVE('',#1467,#1444,#111,.T.);
#1225=EDGE_CURVE('',#1462,#1467,#112,.T.);
#1226=EDGE_CURVE('',#1442,#1457,#113,.F.);
#1227=EDGE_CURVE('',#1462,#1444,#114,.F.);
#1228=EDGE_CURVE('',#1443,#1456,#115,.T.);
#1229=EDGE_CURVE('',#1463,#1443,#116,.T.);
#1230=EDGE_CURVE('',#1463,#1456,#117,.F.);
#1231=EDGE_CURVE('',#1502,#1500,#118,.F.);
#1232=EDGE_CURVE('',#1450,#1500,#119,.F.);
#1233=EDGE_CURVE('',#1501,#1499,#120,.F.);
#1234=EDGE_CURVE('',#1451,#1501,#121,.T.);
#1235=EDGE_CURVE('',#1504,#1503,#122,.F.);
#1236=EDGE_CURVE('',#1452,#1499,#123,.F.);
#1237=EDGE_CURVE('',#1504,#1447,#124,.F.);
#1238=EDGE_CURVE('',#1453,#1498,#125,.T.);
#1239=EDGE_CURVE('',#1505,#1446,#126,.T.);
#1240=EDGE_CURVE('',#1505,#1498,#127,.T.);
#1241=EDGE_CURVE('',#1506,#1421,#212,.T.);
#1242=EDGE_CURVE('',#1506,#1507,#128,.F.);
#1243=EDGE_CURVE('',#1507,#1422,#213,.T.);
#1244=EDGE_CURVE('',#1508,#1441,#214,.T.);
#1245=EDGE_CURVE('',#1508,#1506,#1626,.T.);
#1246=EDGE_CURVE('',#1509,#1440,#215,.T.);
#1247=EDGE_CURVE('',#1509,#1508,#1627,.T.);
#1248=EDGE_CURVE('',#1510,#1439,#216,.T.);
#1249=EDGE_CURVE('',#1510,#1509,#1628,.T.);
#1250=EDGE_CURVE('',#1511,#1438,#217,.T.);
#1251=EDGE_CURVE('',#1511,#1510,#1629,.T.);
#1252=EDGE_CURVE('',#1512,#1437,#218,.T.);
#1253=EDGE_CURVE('',#1512,#1511,#1630,.T.);
#1254=EDGE_CURVE('',#1513,#1436,#219,.T.);
#1255=EDGE_CURVE('',#1513,#1512,#1631,.T.);
#1256=EDGE_CURVE('',#1514,#1435,#220,.T.);
#1257=EDGE_CURVE('',#1514,#1513,#221,.T.);
#1258=EDGE_CURVE('',#1515,#1434,#222,.T.);
#1259=EDGE_CURVE('',#1515,#1514,#1632,.T.);
#1260=EDGE_CURVE('',#1516,#1433,#223,.T.);
#1261=EDGE_CURVE('',#1516,#1515,#1633,.T.);
#1262=EDGE_CURVE('',#1517,#1432,#224,.T.);
#1263=EDGE_CURVE('',#1517,#1516,#1634,.T.);
#1264=EDGE_CURVE('',#1518,#1431,#225,.T.);
#1265=EDGE_CURVE('',#1518,#1517,#1635,.T.);
#1266=EDGE_CURVE('',#1519,#1430,#226,.T.);
#1267=EDGE_CURVE('',#1519,#1518,#1636,.T.);
#1268=EDGE_CURVE('',#1520,#1429,#227,.T.);
#1269=EDGE_CURVE('',#1520,#1519,#1637,.T.);
#1270=EDGE_CURVE('',#1521,#1428,#228,.T.);
#1271=EDGE_CURVE('',#1521,#1520,#1638,.T.);
#1272=EDGE_CURVE('',#1522,#1427,#229,.T.);
#1273=EDGE_CURVE('',#1522,#1521,#230,.T.);
#1274=EDGE_CURVE('',#1523,#1426,#231,.T.);
#1275=EDGE_CURVE('',#1523,#1522,#232,.T.);
#1276=EDGE_CURVE('',#1524,#1425,#233,.T.);
#1277=EDGE_CURVE('',#1524,#1523,#234,.T.);
#1278=EDGE_CURVE('',#1525,#1424,#235,.T.);
#1279=EDGE_CURVE('',#1525,#1524,#236,.T.);
#1280=EDGE_CURVE('',#1526,#1423,#237,.T.);
#1281=EDGE_CURVE('',#1526,#1525,#238,.T.);
#1282=EDGE_CURVE('',#1507,#1526,#1639,.T.);
#1283=EDGE_CURVE('',#1527,#1390,#239,.T.);
#1284=EDGE_CURVE('',#1527,#1528,#1640,.T.);
#1285=EDGE_CURVE('',#1528,#1391,#240,.T.);
#1286=EDGE_CURVE('',#1529,#1420,#241,.T.);
#1287=EDGE_CURVE('',#1529,#1527,#1641,.T.);
#1288=EDGE_CURVE('',#1530,#1419,#242,.T.);
#1289=EDGE_CURVE('',#1530,#1529,#129,.T.);
#1290=EDGE_CURVE('',#1531,#1418,#243,.T.);
#1291=EDGE_CURVE('',#1531,#1530,#1642,.T.);
#1292=EDGE_CURVE('',#1532,#1417,#244,.T.);
#1293=EDGE_CURVE('',#1532,#1531,#1643,.T.);
#1294=EDGE_CURVE('',#1533,#1416,#245,.T.);
#1295=EDGE_CURVE('',#1533,#1532,#1644,.T.);
#1296=EDGE_CURVE('',#1534,#1415,#246,.T.);
#1297=EDGE_CURVE('',#1534,#1533,#1645,.T.);
#1298=EDGE_CURVE('',#1535,#1414,#247,.T.);
#1299=EDGE_CURVE('',#1535,#1534,#1646,.T.);
#1300=EDGE_CURVE('',#1536,#1413,#248,.T.);
#1301=EDGE_CURVE('',#1536,#1535,#1647,.T.);
#1302=EDGE_CURVE('',#1537,#1412,#249,.T.);
#1303=EDGE_CURVE('',#1537,#1536,#1648,.T.);
#1304=EDGE_CURVE('',#1538,#1411,#250,.T.);
#1305=EDGE_CURVE('',#1538,#1537,#1649,.T.);
#1306=EDGE_CURVE('',#1539,#1410,#251,.T.);
#1307=EDGE_CURVE('',#1539,#1538,#252,.T.);
#1308=EDGE_CURVE('',#1540,#1409,#253,.T.);
#1309=EDGE_CURVE('',#1540,#1539,#1650,.T.);
#1310=EDGE_CURVE('',#1541,#1408,#254,.T.);
#1311=EDGE_CURVE('',#1541,#1540,#1651,.T.);
#1312=EDGE_CURVE('',#1542,#1407,#255,.T.);
#1313=EDGE_CURVE('',#1542,#1541,#1652,.T.);
#1314=EDGE_CURVE('',#1543,#1406,#256,.T.);
#1315=EDGE_CURVE('',#1543,#1542,#1653,.T.);
#1316=EDGE_CURVE('',#1544,#1405,#257,.T.);
#1317=EDGE_CURVE('',#1544,#1543,#1654,.T.);
#1318=EDGE_CURVE('',#1545,#1404,#258,.T.);
#1319=EDGE_CURVE('',#1545,#1544,#1655,.T.);
#1320=EDGE_CURVE('',#1546,#1403,#259,.T.);
#1321=EDGE_CURVE('',#1546,#1545,#130,.T.);
#1322=EDGE_CURVE('',#1547,#1402,#260,.T.);
#1323=EDGE_CURVE('',#1547,#1546,#1656,.T.);
#1324=EDGE_CURVE('',#1548,#1401,#261,.T.);
#1325=EDGE_CURVE('',#1548,#1547,#1657,.T.);
#1326=EDGE_CURVE('',#1549,#1400,#262,.T.);
#1327=EDGE_CURVE('',#1549,#1548,#1658,.T.);
#1328=EDGE_CURVE('',#1550,#1399,#263,.T.);
#1329=EDGE_CURVE('',#1550,#1549,#1659,.T.);
#1330=EDGE_CURVE('',#1551,#1398,#264,.T.);
#1331=EDGE_CURVE('',#1551,#1550,#1660,.T.);
#1332=EDGE_CURVE('',#1552,#1397,#265,.T.);
#1333=EDGE_CURVE('',#1552,#1551,#1661,.T.);
#1334=EDGE_CURVE('',#1553,#1396,#266,.T.);
#1335=EDGE_CURVE('',#1553,#1552,#1662,.T.);
#1336=EDGE_CURVE('',#1554,#1395,#267,.T.);
#1337=EDGE_CURVE('',#1554,#1553,#1663,.T.);
#1338=EDGE_CURVE('',#1555,#1394,#268,.T.);
#1339=EDGE_CURVE('',#1555,#1554,#269,.T.);
#1340=EDGE_CURVE('',#1556,#1393,#270,.T.);
#1341=EDGE_CURVE('',#1556,#1555,#1664,.T.);
#1342=EDGE_CURVE('',#1557,#1392,#271,.T.);
#1343=EDGE_CURVE('',#1557,#1556,#1665,.T.);
#1344=EDGE_CURVE('',#1528,#1557,#1666,.T.);
#1345=EDGE_CURVE('',#1558,#1559,#1667,.T.);
#1346=EDGE_CURVE('',#1560,#1558,#272,.T.);
#1347=EDGE_CURVE('',#1560,#1561,#1668,.T.);
#1348=EDGE_CURVE('',#1561,#1559,#273,.T.);
#1349=EDGE_CURVE('',#1562,#1558,#1669,.T.);
#1350=EDGE_CURVE('',#1563,#1562,#274,.T.);
#1351=EDGE_CURVE('',#1563,#1560,#1670,.T.);
#1352=EDGE_CURVE('',#1564,#1562,#1671,.T.);
#1353=EDGE_CURVE('',#1565,#1564,#275,.T.);
#1354=EDGE_CURVE('',#1565,#1563,#1672,.T.);
#1355=EDGE_CURVE('',#1566,#1564,#276,.T.);
#1356=EDGE_CURVE('',#1567,#1566,#277,.T.);
#1357=EDGE_CURVE('',#1567,#1565,#278,.T.);
#1358=EDGE_CURVE('',#1568,#1566,#279,.T.);
#1359=EDGE_CURVE('',#1569,#1568,#280,.T.);
#1360=EDGE_CURVE('',#1569,#1567,#281,.T.);
#1361=EDGE_CURVE('',#1570,#1568,#282,.T.);
#1362=EDGE_CURVE('',#1571,#1570,#283,.T.);
#1363=EDGE_CURVE('',#1571,#1569,#284,.T.);
#1364=EDGE_CURVE('',#1572,#1382,#285,.T.);
#1365=EDGE_CURVE('',#1572,#1573,#1673,.T.);
#1366=EDGE_CURVE('',#1573,#1383,#286,.T.);
#1367=EDGE_CURVE('',#1574,#1389,#287,.T.);
#1368=EDGE_CURVE('',#1574,#1572,#1674,.T.);
#1369=EDGE_CURVE('',#1575,#1388,#288,.T.);
#1370=EDGE_CURVE('',#1575,#1574,#1675,.T.);
#1371=EDGE_CURVE('',#1576,#1387,#289,.T.);
#1372=EDGE_CURVE('',#1576,#1575,#290,.T.);
#1373=EDGE_CURVE('',#1577,#1386,#291,.T.);
#1374=EDGE_CURVE('',#1577,#1576,#292,.T.);
#1375=EDGE_CURVE('',#1578,#1385,#293,.T.);
#1376=EDGE_CURVE('',#1578,#1577,#294,.T.);
#1377=EDGE_CURVE('',#1579,#1384,#295,.T.);
#1378=EDGE_CURVE('',#1579,#1578,#1676,.T.);
#1379=EDGE_CURVE('',#1573,#1579,#1677,.T.);
#1380=EDGE_CURVE('',#1559,#1570,#1678,.T.);
#1381=EDGE_CURVE('',#1561,#1571,#1679,.T.);
#1382=VERTEX_POINT('',#2590);
#1383=VERTEX_POINT('',#2591);
#1384=VERTEX_POINT('',#2595);
#1385=VERTEX_POINT('',#2599);
#1386=VERTEX_POINT('',#2601);
#1387=VERTEX_POINT('',#2603);
#1388=VERTEX_POINT('',#2605);
#1389=VERTEX_POINT('',#2609);
#1390=VERTEX_POINT('',#2616);
#1391=VERTEX_POINT('',#2617);
#1392=VERTEX_POINT('',#2621);
#1393=VERTEX_POINT('',#2625);
#1394=VERTEX_POINT('',#2629);
#1395=VERTEX_POINT('',#2631);
#1396=VERTEX_POINT('',#2635);
#1397=VERTEX_POINT('',#2639);
#1398=VERTEX_POINT('',#2643);
#1399=VERTEX_POINT('',#2647);
#1400=VERTEX_POINT('',#2651);
#1401=VERTEX_POINT('',#2655);
#1402=VERTEX_POINT('',#2659);
#1403=VERTEX_POINT('',#2663);
#1404=VERTEX_POINT('',#2665);
#1405=VERTEX_POINT('',#2669);
#1406=VERTEX_POINT('',#2673);
#1407=VERTEX_POINT('',#2677);
#1408=VERTEX_POINT('',#2681);
#1409=VERTEX_POINT('',#2685);
#1410=VERTEX_POINT('',#2689);
#1411=VERTEX_POINT('',#2691);
#1412=VERTEX_POINT('',#2695);
#1413=VERTEX_POINT('',#2699);
#1414=VERTEX_POINT('',#2703);
#1415=VERTEX_POINT('',#2707);
#1416=VERTEX_POINT('',#2711);
#1417=VERTEX_POINT('',#2715);
#1418=VERTEX_POINT('',#2719);
#1419=VERTEX_POINT('',#2723);
#1420=VERTEX_POINT('',#2725);
#1421=VERTEX_POINT('',#2730);
#1422=VERTEX_POINT('',#2731);
#1423=VERTEX_POINT('',#2735);
#1424=VERTEX_POINT('',#2737);
#1425=VERTEX_POINT('',#2739);
#1426=VERTEX_POINT('',#2741);
#1427=VERTEX_POINT('',#2743);
#1428=VERTEX_POINT('',#2745);
#1429=VERTEX_POINT('',#2749);
#1430=VERTEX_POINT('',#2753);
#1431=VERTEX_POINT('',#2757);
#1432=VERTEX_POINT('',#2761);
#1433=VERTEX_POINT('',#2765);
#1434=VERTEX_POINT('',#2769);
#1435=VERTEX_POINT('',#2773);
#1436=VERTEX_POINT('',#2775);
#1437=VERTEX_POINT('',#2779);
#1438=VERTEX_POINT('',#2783);
#1439=VERTEX_POINT('',#2787);
#1440=VERTEX_POINT('',#2791);
#1441=VERTEX_POINT('',#2795);
#1442=VERTEX_POINT('',#2800);
#1443=VERTEX_POINT('',#2801);
#1444=VERTEX_POINT('',#2803);
#1445=VERTEX_POINT('',#2805);
#1446=VERTEX_POINT('',#2808);
#1447=VERTEX_POINT('',#2809);
#1448=VERTEX_POINT('',#2811);
#1449=VERTEX_POINT('',#2813);
#1450=VERTEX_POINT('',#2815);
#1451=VERTEX_POINT('',#2817);
#1452=VERTEX_POINT('',#2819);
#1453=VERTEX_POINT('',#2821);
#1454=VERTEX_POINT('',#2825);
#1455=VERTEX_POINT('',#2826);
#1456=VERTEX_POINT('',#2828);
#1457=VERTEX_POINT('',#2830);
#1458=VERTEX_POINT('',#2834);
#1459=VERTEX_POINT('',#2835);
#1460=VERTEX_POINT('',#2837);
#1461=VERTEX_POINT('',#2839);
#1462=VERTEX_POINT('',#2843);
#1463=VERTEX_POINT('',#2844);
#1464=VERTEX_POINT('',#2846);
#1465=VERTEX_POINT('',#2848);
#1466=VERTEX_POINT('',#2852);
#1467=VERTEX_POINT('',#2853);
#1468=VERTEX_POINT('',#2855);
#1469=VERTEX_POINT('',#2857);
#1470=VERTEX_POINT('',#2861);
#1471=VERTEX_POINT('',#2862);
#1472=VERTEX_POINT('',#2864);
#1473=VERTEX_POINT('',#2866);
#1474=VERTEX_POINT('',#2874);
#1475=VERTEX_POINT('',#2876);
#1476=VERTEX_POINT('',#2880);
#1477=VERTEX_POINT('',#2884);
#1478=VERTEX_POINT('',#2888);
#1479=VERTEX_POINT('',#2889);
#1480=VERTEX_POINT('',#2891);
#1481=VERTEX_POINT('',#2893);
#1482=VERTEX_POINT('',#2897);
#1483=VERTEX_POINT('',#2899);
#1484=VERTEX_POINT('',#2903);
#1485=VERTEX_POINT('',#2905);
#1486=VERTEX_POINT('',#2911);
#1487=VERTEX_POINT('',#2913);
#1488=VERTEX_POINT('',#2915);
#1489=VERTEX_POINT('',#2917);
#1490=VERTEX_POINT('',#2919);
#1491=VERTEX_POINT('',#2921);
#1492=VERTEX_POINT('',#2925);
#1493=VERTEX_POINT('',#2927);
#1494=VERTEX_POINT('',#2929);
#1495=VERTEX_POINT('',#2931);
#1496=VERTEX_POINT('',#2933);
#1497=VERTEX_POINT('',#2935);
#1498=VERTEX_POINT('',#2939);
#1499=VERTEX_POINT('',#2941);
#1500=VERTEX_POINT('',#2945);
#1501=VERTEX_POINT('',#2948);
#1502=VERTEX_POINT('',#2952);
#1503=VERTEX_POINT('',#2953);
#1504=VERTEX_POINT('',#2958);
#1505=VERTEX_POINT('',#2960);
#1506=VERTEX_POINT('',#3015);
#1507=VERTEX_POINT('',#3017);
#1508=VERTEX_POINT('',#3028);
#1509=VERTEX_POINT('',#3041);
#1510=VERTEX_POINT('',#3054);
#1511=VERTEX_POINT('',#3067);
#1512=VERTEX_POINT('',#3080);
#1513=VERTEX_POINT('',#3093);
#1514=VERTEX_POINT('',#3099);
#1515=VERTEX_POINT('',#3110);
#1516=VERTEX_POINT('',#3123);
#1517=VERTEX_POINT('',#3136);
#1518=VERTEX_POINT('',#3149);
#1519=VERTEX_POINT('',#3162);
#1520=VERTEX_POINT('',#3175);
#1521=VERTEX_POINT('',#3188);
#1522=VERTEX_POINT('',#3194);
#1523=VERTEX_POINT('',#3198);
#1524=VERTEX_POINT('',#3202);
#1525=VERTEX_POINT('',#3206);
#1526=VERTEX_POINT('',#3210);
#1527=VERTEX_POINT('',#3233);
#1528=VERTEX_POINT('',#3237);
#1529=VERTEX_POINT('',#3248);
#1530=VERTEX_POINT('',#3254);
#1531=VERTEX_POINT('',#3265);
#1532=VERTEX_POINT('',#3278);
#1533=VERTEX_POINT('',#3291);
#1534=VERTEX_POINT('',#3304);
#1535=VERTEX_POINT('',#3317);
#1536=VERTEX_POINT('',#3330);
#1537=VERTEX_POINT('',#3343);
#1538=VERTEX_POINT('',#3356);
#1539=VERTEX_POINT('',#3362);
#1540=VERTEX_POINT('',#3373);
#1541=VERTEX_POINT('',#3386);
#1542=VERTEX_POINT('',#3399);
#1543=VERTEX_POINT('',#3412);
#1544=VERTEX_POINT('',#3425);
#1545=VERTEX_POINT('',#3438);
#1546=VERTEX_POINT('',#3444);
#1547=VERTEX_POINT('',#3455);
#1548=VERTEX_POINT('',#3468);
#1549=VERTEX_POINT('',#3481);
#1550=VERTEX_POINT('',#3494);
#1551=VERTEX_POINT('',#3507);
#1552=VERTEX_POINT('',#3520);
#1553=VERTEX_POINT('',#3533);
#1554=VERTEX_POINT('',#3546);
#1555=VERTEX_POINT('',#3552);
#1556=VERTEX_POINT('',#3563);
#1557=VERTEX_POINT('',#3576);
#1558=VERTEX_POINT('',#3603);
#1559=VERTEX_POINT('',#3604);
#1560=VERTEX_POINT('',#3606);
#1561=VERTEX_POINT('',#3610);
#1562=VERTEX_POINT('',#3623);
#1563=VERTEX_POINT('',#3625);
#1564=VERTEX_POINT('',#3640);
#1565=VERTEX_POINT('',#3642);
#1566=VERTEX_POINT('',#3648);
#1567=VERTEX_POINT('',#3650);
#1568=VERTEX_POINT('',#3654);
#1569=VERTEX_POINT('',#3656);
#1570=VERTEX_POINT('',#3660);
#1571=VERTEX_POINT('',#3662);
#1572=VERTEX_POINT('',#3673);
#1573=VERTEX_POINT('',#3677);
#1574=VERTEX_POINT('',#3688);
#1575=VERTEX_POINT('',#3701);
#1576=VERTEX_POINT('',#3707);
#1577=VERTEX_POINT('',#3711);
#1578=VERTEX_POINT('',#3715);
#1579=VERTEX_POINT('',#3726);
#1580=B_SPLINE_CURVE_WITH_KNOTS('',2,(#2587,#2588,#2589),.UNSPECIFIED.,
 .F.,.F.,(3,3),(0.,1.),.PIECEWISE_BEZIER_KNOTS.);
#1581=B_SPLINE_CURVE_WITH_KNOTS('',2,(#2592,#2593,#2594),.UNSPECIFIED.,
 .F.,.F.,(3,3),(0.,1.),.PIECEWISE_BEZIER_KNOTS.);
#1582=B_SPLINE_CURVE_WITH_KNOTS('',2,(#2596,#2597,#2598),.UNSPECIFIED.,
 .F.,.F.,(3,3),(0.,1.),.PIECEWISE_BEZIER_KNOTS.);
#1583=B_SPLINE_CURVE_WITH_KNOTS('',2,(#2606,#2607,#2608),.UNSPECIFIED.,
 .F.,.F.,(3,3),(0.,1.),.PIECEWISE_BEZIER_KNOTS.);
#1584=B_SPLINE_CURVE_WITH_KNOTS('',2,(#2610,#2611,#2612),.UNSPECIFIED.,
 .F.,.F.,(3,3),(0.,1.),.PIECEWISE_BEZIER_KNOTS.);
#1585=B_SPLINE_CURVE_WITH_KNOTS('',2,(#2613,#2614,#2615),.UNSPECIFIED.,
 .F.,.F.,(3,3),(0.,1.),.PIECEWISE_BEZIER_KNOTS.);
#1586=B_SPLINE_CURVE_WITH_KNOTS('',2,(#2618,#2619,#2620),.UNSPECIFIED.,
 .F.,.F.,(3,3),(0.,1.),.PIECEWISE_BEZIER_KNOTS.);
#1587=B_SPLINE_CURVE_WITH_KNOTS('',2,(#2622,#2623,#2624),.UNSPECIFIED.,
 .F.,.F.,(3,3),(0.,1.),.PIECEWISE_BEZIER_KNOTS.);
#1588=B_SPLINE_CURVE_WITH_KNOTS('',2,(#2626,#2627,#2628),.UNSPECIFIED.,
 .F.,.F.,(3,3),(0.,1.),.PIECEWISE_BEZIER_KNOTS.);
#1589=B_SPLINE_CURVE_WITH_KNOTS('',2,(#2632,#2633,#2634),.UNSPECIFIED.,
 .F.,.F.,(3,3),(0.,1.),.PIECEWISE_BEZIER_KNOTS.);
#1590=B_SPLINE_CURVE_WITH_KNOTS('',2,(#2636,#2637,#2638),.UNSPECIFIED.,
 .F.,.F.,(3,3),(0.,1.),.PIECEWISE_BEZIER_KNOTS.);
#1591=B_SPLINE_CURVE_WITH_KNOTS('',2,(#2640,#2641,#2642),.UNSPECIFIED.,
 .F.,.F.,(3,3),(0.,1.),.PIECEWISE_BEZIER_KNOTS.);
#1592=B_SPLINE_CURVE_WITH_KNOTS('',2,(#2644,#2645,#2646),.UNSPECIFIED.,
 .F.,.F.,(3,3),(0.,1.),.PIECEWISE_BEZIER_KNOTS.);
#1593=B_SPLINE_CURVE_WITH_KNOTS('',2,(#2648,#2649,#2650),.UNSPECIFIED.,
 .F.,.F.,(3,3),(0.,1.),.PIECEWISE_BEZIER_KNOTS.);
#1594=B_SPLINE_CURVE_WITH_KNOTS('',2,(#2652,#2653,#2654),.UNSPECIFIED.,
 .F.,.F.,(3,3),(0.,1.),.PIECEWISE_BEZIER_KNOTS.);
#1595=B_SPLINE_CURVE_WITH_KNOTS('',2,(#2656,#2657,#2658),.UNSPECIFIED.,
 .F.,.F.,(3,3),(0.,1.),.PIECEWISE_BEZIER_KNOTS.);
#1596=B_SPLINE_CURVE_WITH_KNOTS('',2,(#2660,#2661,#2662),.UNSPECIFIED.,
 .F.,.F.,(3,3),(0.,1.),.PIECEWISE_BEZIER_KNOTS.);
#1597=B_SPLINE_CURVE_WITH_KNOTS('',2,(#2666,#2667,#2668),.UNSPECIFIED.,
 .F.,.F.,(3,3),(0.,1.),.PIECEWISE_BEZIER_KNOTS.);
#1598=B_SPLINE_CURVE_WITH_KNOTS('',2,(#2670,#2671,#2672),.UNSPECIFIED.,
 .F.,.F.,(3,3),(0.,1.),.PIECEWISE_BEZIER_KNOTS.);
#1599=B_SPLINE_CURVE_WITH_KNOTS('',2,(#2674,#2675,#2676),.UNSPECIFIED.,
 .F.,.F.,(3,3),(0.,1.),.PIECEWISE_BEZIER_KNOTS.);
#1600=B_SPLINE_CURVE_WITH_KNOTS('',2,(#2678,#2679,#2680),.UNSPECIFIED.,
 .F.,.F.,(3,3),(0.,1.),.PIECEWISE_BEZIER_KNOTS.);
#1601=B_SPLINE_CURVE_WITH_KNOTS('',2,(#2682,#2683,#2684),.UNSPECIFIED.,
 .F.,.F.,(3,3),(0.,1.),.PIECEWISE_BEZIER_KNOTS.);
#1602=B_SPLINE_CURVE_WITH_KNOTS('',2,(#2686,#2687,#2688),.UNSPECIFIED.,
 .F.,.F.,(3,3),(0.,1.),.PIECEWISE_BEZIER_KNOTS.);
#1603=B_SPLINE_CURVE_WITH_KNOTS('',2,(#2692,#2693,#2694),.UNSPECIFIED.,
 .F.,.F.,(3,3),(0.,1.),.PIECEWISE_BEZIER_KNOTS.);
#1604=B_SPLINE_CURVE_WITH_KNOTS('',2,(#2696,#2697,#2698),.UNSPECIFIED.,
 .F.,.F.,(3,3),(0.,1.),.PIECEWISE_BEZIER_KNOTS.);
#1605=B_SPLINE_CURVE_WITH_KNOTS('',2,(#2700,#2701,#2702),.UNSPECIFIED.,
 .F.,.F.,(3,3),(0.,1.),.PIECEWISE_BEZIER_KNOTS.);
#1606=B_SPLINE_CURVE_WITH_KNOTS('',2,(#2704,#2705,#2706),.UNSPECIFIED.,
 .F.,.F.,(3,3),(0.,1.),.PIECEWISE_BEZIER_KNOTS.);
#1607=B_SPLINE_CURVE_WITH_KNOTS('',2,(#2708,#2709,#2710),.UNSPECIFIED.,
 .F.,.F.,(3,3),(0.,1.),.PIECEWISE_BEZIER_KNOTS.);
#1608=B_SPLINE_CURVE_WITH_KNOTS('',2,(#2712,#2713,#2714),.UNSPECIFIED.,
 .F.,.F.,(3,3),(0.,1.),.PIECEWISE_BEZIER_KNOTS.);
#1609=B_SPLINE_CURVE_WITH_KNOTS('',2,(#2716,#2717,#2718),.UNSPECIFIED.,
 .F.,.F.,(3,3),(0.,1.),.PIECEWISE_BEZIER_KNOTS.);
#1610=B_SPLINE_CURVE_WITH_KNOTS('',2,(#2720,#2721,#2722),.UNSPECIFIED.,
 .F.,.F.,(3,3),(0.,1.),.PIECEWISE_BEZIER_KNOTS.);
#1611=B_SPLINE_CURVE_WITH_KNOTS('',2,(#2726,#2727,#2728),.UNSPECIFIED.,
 .F.,.F.,(3,3),(0.,1.),.PIECEWISE_BEZIER_KNOTS.);
#1612=B_SPLINE_CURVE_WITH_KNOTS('',2,(#2732,#2733,#2734),.UNSPECIFIED.,
 .F.,.F.,(3,3),(0.,1.),.PIECEWISE_BEZIER_KNOTS.);
#1613=B_SPLINE_CURVE_WITH_KNOTS('',2,(#2746,#2747,#2748),.UNSPECIFIED.,
 .F.,.F.,(3,3),(0.,1.),.PIECEWISE_BEZIER_KNOTS.);
#1614=B_SPLINE_CURVE_WITH_KNOTS('',2,(#2750,#2751,#2752),.UNSPECIFIED.,
 .F.,.F.,(3,3),(0.,1.),.PIECEWISE_BEZIER_KNOTS.);
#1615=B_SPLINE_CURVE_WITH_KNOTS('',2,(#2754,#2755,#2756),.UNSPECIFIED.,
 .F.,.F.,(3,3),(0.,1.),.PIECEWISE_BEZIER_KNOTS.);
#1616=B_SPLINE_CURVE_WITH_KNOTS('',2,(#2758,#2759,#2760),.UNSPECIFIED.,
 .F.,.F.,(3,3),(0.,1.),.PIECEWISE_BEZIER_KNOTS.);
#1617=B_SPLINE_CURVE_WITH_KNOTS('',2,(#2762,#2763,#2764),.UNSPECIFIED.,
 .F.,.F.,(3,3),(0.,1.),.PIECEWISE_BEZIER_KNOTS.);
#1618=B_SPLINE_CURVE_WITH_KNOTS('',2,(#2766,#2767,#2768),.UNSPECIFIED.,
 .F.,.F.,(3,3),(0.,1.),.PIECEWISE_BEZIER_KNOTS.);
#1619=B_SPLINE_CURVE_WITH_KNOTS('',2,(#2770,#2771,#2772),.UNSPECIFIED.,
 .F.,.F.,(3,3),(0.,1.),.PIECEWISE_BEZIER_KNOTS.);
#1620=B_SPLINE_CURVE_WITH_KNOTS('',2,(#2776,#2777,#2778),.UNSPECIFIED.,
 .F.,.F.,(3,3),(0.,1.),.PIECEWISE_BEZIER_KNOTS.);
#1621=B_SPLINE_CURVE_WITH_KNOTS('',2,(#2780,#2781,#2782),.UNSPECIFIED.,
 .F.,.F.,(3,3),(0.,1.),.PIECEWISE_BEZIER_KNOTS.);
#1622=B_SPLINE_CURVE_WITH_KNOTS('',2,(#2784,#2785,#2786),.UNSPECIFIED.,
 .F.,.F.,(3,3),(0.,1.),.PIECEWISE_BEZIER_KNOTS.);
#1623=B_SPLINE_CURVE_WITH_KNOTS('',2,(#2788,#2789,#2790),.UNSPECIFIED.,
 .F.,.F.,(3,3),(0.,1.),.PIECEWISE_BEZIER_KNOTS.);
#1624=B_SPLINE_CURVE_WITH_KNOTS('',2,(#2792,#2793,#2794),.UNSPECIFIED.,
 .F.,.F.,(3,3),(0.,1.),.PIECEWISE_BEZIER_KNOTS.);
#1625=B_SPLINE_CURVE_WITH_KNOTS('',2,(#2796,#2797,#2798),.UNSPECIFIED.,
 .F.,.F.,(3,3),(0.,1.),.PIECEWISE_BEZIER_KNOTS.);
#1626=B_SPLINE_CURVE_WITH_KNOTS('',2,(#3029,#3030,#3031),.UNSPECIFIED.,
 .F.,.F.,(3,3),(0.,1.),.PIECEWISE_BEZIER_KNOTS.);
#1627=B_SPLINE_CURVE_WITH_KNOTS('',2,(#3042,#3043,#3044),.UNSPECIFIED.,
 .F.,.F.,(3,3),(0.,1.),.PIECEWISE_BEZIER_KNOTS.);
#1628=B_SPLINE_CURVE_WITH_KNOTS('',2,(#3055,#3056,#3057),.UNSPECIFIED.,
 .F.,.F.,(3,3),(0.,1.),.PIECEWISE_BEZIER_KNOTS.);
#1629=B_SPLINE_CURVE_WITH_KNOTS('',2,(#3068,#3069,#3070),.UNSPECIFIED.,
 .F.,.F.,(3,3),(0.,1.),.PIECEWISE_BEZIER_KNOTS.);
#1630=B_SPLINE_CURVE_WITH_KNOTS('',2,(#3081,#3082,#3083),.UNSPECIFIED.,
 .F.,.F.,(3,3),(0.,1.),.PIECEWISE_BEZIER_KNOTS.);
#1631=B_SPLINE_CURVE_WITH_KNOTS('',2,(#3094,#3095,#3096),.UNSPECIFIED.,
 .F.,.F.,(3,3),(0.,1.),.PIECEWISE_BEZIER_KNOTS.);
#1632=B_SPLINE_CURVE_WITH_KNOTS('',2,(#3111,#3112,#3113),.UNSPECIFIED.,
 .F.,.F.,(3,3),(0.,1.),.PIECEWISE_BEZIER_KNOTS.);
#1633=B_SPLINE_CURVE_WITH_KNOTS('',2,(#3124,#3125,#3126),.UNSPECIFIED.,
 .F.,.F.,(3,3),(0.,1.),.PIECEWISE_BEZIER_KNOTS.);
#1634=B_SPLINE_CURVE_WITH_KNOTS('',2,(#3137,#3138,#3139),.UNSPECIFIED.,
 .F.,.F.,(3,3),(0.,1.),.PIECEWISE_BEZIER_KNOTS.);
#1635=B_SPLINE_CURVE_WITH_KNOTS('',2,(#3150,#3151,#3152),.UNSPECIFIED.,
 .F.,.F.,(3,3),(0.,1.),.PIECEWISE_BEZIER_KNOTS.);
#1636=B_SPLINE_CURVE_WITH_KNOTS('',2,(#3163,#3164,#3165),.UNSPECIFIED.,
 .F.,.F.,(3,3),(0.,1.),.PIECEWISE_BEZIER_KNOTS.);
#1637=B_SPLINE_CURVE_WITH_KNOTS('',2,(#3176,#3177,#3178),.UNSPECIFIED.,
 .F.,.F.,(3,3),(0.,1.),.PIECEWISE_BEZIER_KNOTS.);
#1638=B_SPLINE_CURVE_WITH_KNOTS('',2,(#3189,#3190,#3191),.UNSPECIFIED.,
 .F.,.F.,(3,3),(0.,1.),.PIECEWISE_BEZIER_KNOTS.);
#1639=B_SPLINE_CURVE_WITH_KNOTS('',2,(#3220,#3221,#3222),.UNSPECIFIED.,
 .F.,.F.,(3,3),(0.,1.),.PIECEWISE_BEZIER_KNOTS.);
#1640=B_SPLINE_CURVE_WITH_KNOTS('',2,(#3234,#3235,#3236),.UNSPECIFIED.,
 .F.,.F.,(3,3),(0.,1.),.PIECEWISE_BEZIER_KNOTS.);
#1641=B_SPLINE_CURVE_WITH_KNOTS('',2,(#3249,#3250,#3251),.UNSPECIFIED.,
 .F.,.F.,(3,3),(0.,1.),.PIECEWISE_BEZIER_KNOTS.);
#1642=B_SPLINE_CURVE_WITH_KNOTS('',2,(#3266,#3267,#3268),.UNSPECIFIED.,
 .F.,.F.,(3,3),(0.,1.),.PIECEWISE_BEZIER_KNOTS.);
#1643=B_SPLINE_CURVE_WITH_KNOTS('',2,(#3279,#3280,#3281),.UNSPECIFIED.,
 .F.,.F.,(3,3),(0.,1.),.PIECEWISE_BEZIER_KNOTS.);
#1644=B_SPLINE_CURVE_WITH_KNOTS('',2,(#3292,#3293,#3294),.UNSPECIFIED.,
 .F.,.F.,(3,3),(0.,1.),.PIECEWISE_BEZIER_KNOTS.);
#1645=B_SPLINE_CURVE_WITH_KNOTS('',2,(#3305,#3306,#3307),.UNSPECIFIED.,
 .F.,.F.,(3,3),(0.,1.),.PIECEWISE_BEZIER_KNOTS.);
#1646=B_SPLINE_CURVE_WITH_KNOTS('',2,(#3318,#3319,#3320),.UNSPECIFIED.,
 .F.,.F.,(3,3),(0.,1.),.PIECEWISE_BEZIER_KNOTS.);
#1647=B_SPLINE_CURVE_WITH_KNOTS('',2,(#3331,#3332,#3333),.UNSPECIFIED.,
 .F.,.F.,(3,3),(0.,1.),.PIECEWISE_BEZIER_KNOTS.);
#1648=B_SPLINE_CURVE_WITH_KNOTS('',2,(#3344,#3345,#3346),.UNSPECIFIED.,
 .F.,.F.,(3,3),(0.,1.),.PIECEWISE_BEZIER_KNOTS.);
#1649=B_SPLINE_CURVE_WITH_KNOTS('',2,(#3357,#3358,#3359),.UNSPECIFIED.,
 .F.,.F.,(3,3),(0.,1.),.PIECEWISE_BEZIER_KNOTS.);
#1650=B_SPLINE_CURVE_WITH_KNOTS('',2,(#3374,#3375,#3376),.UNSPECIFIED.,
 .F.,.F.,(3,3),(0.,1.),.PIECEWISE_BEZIER_KNOTS.);
#1651=B_SPLINE_CURVE_WITH_KNOTS('',2,(#3387,#3388,#3389),.UNSPECIFIED.,
 .F.,.F.,(3,3),(0.,1.),.PIECEWISE_BEZIER_KNOTS.);
#1652=B_SPLINE_CURVE_WITH_KNOTS('',2,(#3400,#3401,#3402),.UNSPECIFIED.,
 .F.,.F.,(3,3),(0.,1.),.PIECEWISE_BEZIER_KNOTS.);
#1653=B_SPLINE_CURVE_WITH_KNOTS('',2,(#3413,#3414,#3415),.UNSPECIFIED.,
 .F.,.F.,(3,3),(0.,1.),.PIECEWISE_BEZIER_KNOTS.);
#1654=B_SPLINE_CURVE_WITH_KNOTS('',2,(#3426,#3427,#3428),.UNSPECIFIED.,
 .F.,.F.,(3,3),(0.,1.),.PIECEWISE_BEZIER_KNOTS.);
#1655=B_SPLINE_CURVE_WITH_KNOTS('',2,(#3439,#3440,#3441),.UNSPECIFIED.,
 .F.,.F.,(3,3),(0.,1.),.PIECEWISE_BEZIER_KNOTS.);
#1656=B_SPLINE_CURVE_WITH_KNOTS('',2,(#3456,#3457,#3458),.UNSPECIFIED.,
 .F.,.F.,(3,3),(0.,1.),.PIECEWISE_BEZIER_KNOTS.);
#1657=B_SPLINE_CURVE_WITH_KNOTS('',2,(#3469,#3470,#3471),.UNSPECIFIED.,
 .F.,.F.,(3,3),(0.,1.),.PIECEWISE_BEZIER_KNOTS.);
#1658=B_SPLINE_CURVE_WITH_KNOTS('',2,(#3482,#3483,#3484),.UNSPECIFIED.,
 .F.,.F.,(3,3),(0.,1.),.PIECEWISE_BEZIER_KNOTS.);
#1659=B_SPLINE_CURVE_WITH_KNOTS('',2,(#3495,#3496,#3497),.UNSPECIFIED.,
 .F.,.F.,(3,3),(0.,1.),.PIECEWISE_BEZIER_KNOTS.);
#1660=B_SPLINE_CURVE_WITH_KNOTS('',2,(#3508,#3509,#3510),.UNSPECIFIED.,
 .F.,.F.,(3,3),(0.,1.),.PIECEWISE_BEZIER_KNOTS.);
#1661=B_SPLINE_CURVE_WITH_KNOTS('',2,(#3521,#3522,#3523),.UNSPECIFIED.,
 .F.,.F.,(3,3),(0.,1.),.PIECEWISE_BEZIER_KNOTS.);
#1662=B_SPLINE_CURVE_WITH_KNOTS('',2,(#3534,#3535,#3536),.UNSPECIFIED.,
 .F.,.F.,(3,3),(0.,1.),.PIECEWISE_BEZIER_KNOTS.);
#1663=B_SPLINE_CURVE_WITH_KNOTS('',2,(#3547,#3548,#3549),.UNSPECIFIED.,
 .F.,.F.,(3,3),(0.,1.),.PIECEWISE_BEZIER_KNOTS.);
#1664=B_SPLINE_CURVE_WITH_KNOTS('',2,(#3564,#3565,#3566),.UNSPECIFIED.,
 .F.,.F.,(3,3),(0.,1.),.PIECEWISE_BEZIER_KNOTS.);
#1665=B_SPLINE_CURVE_WITH_KNOTS('',2,(#3577,#3578,#3579),.UNSPECIFIED.,
 .F.,.F.,(3,3),(0.,1.),.PIECEWISE_BEZIER_KNOTS.);
#1666=B_SPLINE_CURVE_WITH_KNOTS('',2,(#3588,#3589,#3590),.UNSPECIFIED.,
 .F.,.F.,(3,3),(0.,1.),.PIECEWISE_BEZIER_KNOTS.);
#1667=B_SPLINE_CURVE_WITH_KNOTS('',2,(#3600,#3601,#3602),.UNSPECIFIED.,
 .F.,.F.,(3,3),(0.,1.),.PIECEWISE_BEZIER_KNOTS.);
#1668=B_SPLINE_CURVE_WITH_KNOTS('',2,(#3607,#3608,#3609),.UNSPECIFIED.,
 .F.,.F.,(3,3),(0.,1.),.PIECEWISE_BEZIER_KNOTS.);
#1669=B_SPLINE_CURVE_WITH_KNOTS('',2,(#3620,#3621,#3622),.UNSPECIFIED.,
 .F.,.F.,(3,3),(0.,1.),.PIECEWISE_BEZIER_KNOTS.);
#1670=B_SPLINE_CURVE_WITH_KNOTS('',2,(#3626,#3627,#3628),.UNSPECIFIED.,
 .F.,.F.,(3,3),(0.,1.),.PIECEWISE_BEZIER_KNOTS.);
#1671=B_SPLINE_CURVE_WITH_KNOTS('',2,(#3637,#3638,#3639),.UNSPECIFIED.,
 .F.,.F.,(3,3),(0.,1.),.PIECEWISE_BEZIER_KNOTS.);
#1672=B_SPLINE_CURVE_WITH_KNOTS('',2,(#3643,#3644,#3645),.UNSPECIFIED.,
 .F.,.F.,(3,3),(0.,1.),.PIECEWISE_BEZIER_KNOTS.);
#1673=B_SPLINE_CURVE_WITH_KNOTS('',2,(#3674,#3675,#3676),.UNSPECIFIED.,
 .F.,.F.,(3,3),(0.,1.),.PIECEWISE_BEZIER_KNOTS.);
#1674=B_SPLINE_CURVE_WITH_KNOTS('',2,(#3689,#3690,#3691),.UNSPECIFIED.,
 .F.,.F.,(3,3),(0.,1.),.PIECEWISE_BEZIER_KNOTS.);
#1675=B_SPLINE_CURVE_WITH_KNOTS('',2,(#3702,#3703,#3704),.UNSPECIFIED.,
 .F.,.F.,(3,3),(0.,1.),.PIECEWISE_BEZIER_KNOTS.);
#1676=B_SPLINE_CURVE_WITH_KNOTS('',2,(#3727,#3728,#3729),.UNSPECIFIED.,
 .F.,.F.,(3,3),(0.,1.),.PIECEWISE_BEZIER_KNOTS.);
#1677=B_SPLINE_CURVE_WITH_KNOTS('',2,(#3738,#3739,#3740),.UNSPECIFIED.,
 .F.,.F.,(3,3),(0.,1.),.PIECEWISE_BEZIER_KNOTS.);
#1678=B_SPLINE_CURVE_WITH_KNOTS('',2,(#3749,#3750,#3751),.UNSPECIFIED.,
 .F.,.F.,(3,3),(0.,1.),.PIECEWISE_BEZIER_KNOTS.);
#1679=B_SPLINE_CURVE_WITH_KNOTS('',2,(#3752,#3753,#3754),.UNSPECIFIED.,
 .F.,.F.,(3,3),(0.,1.),.PIECEWISE_BEZIER_KNOTS.);
#1680=EDGE_LOOP('',(#461,#462,#463,#464,#465,#466,#467,#468));
#1681=EDGE_LOOP('',(#469,#470,#471,#472,#473,#474,#475,#476,#477,#478,#479,
#480,#481,#482,#483,#484,#485,#486,#487,#488,#489,#490,#491,#492,#493,#494,
#495,#496,#497,#498,#499));
#1682=EDGE_LOOP('',(#500,#501,#502,#503,#504,#505,#506,#507,#508,#509,#510,
#511,#512,#513,#514,#515,#516,#517,#518,#519,#520));
#1683=EDGE_LOOP('',(#521,#522,#523,#524));
#1684=EDGE_LOOP('',(#525,#526,#527,#528,#529,#530,#531,#532));
#1685=EDGE_LOOP('',(#533,#534,#535,#536));
#1686=EDGE_LOOP('',(#537,#538,#539,#540));
#1687=EDGE_LOOP('',(#541,#542,#543,#544));
#1688=EDGE_LOOP('',(#545,#546,#547,#548));
#1689=EDGE_LOOP('',(#549,#550,#551,#552));
#1690=EDGE_LOOP('',(#553,#554,#555,#556,#557,#558,#559,#560));
#1691=EDGE_LOOP('',(#561,#562,#563,#564));
#1692=EDGE_LOOP('',(#565,#566,#567,#568));
#1693=EDGE_LOOP('',(#569,#570,#571,#572));
#1694=EDGE_LOOP('',(#573,#574,#575,#576));
#1695=EDGE_LOOP('',(#577,#578,#579,#580));
#1696=EDGE_LOOP('',(#581,#582,#583,#584));
#1697=EDGE_LOOP('',(#585,#586,#587,#588));
#1698=EDGE_LOOP('',(#589,#590,#591,#592,#593,#594,#595,#596,#597,#598));
#1699=EDGE_LOOP('',(#599,#600,#601,#602));
#1700=EDGE_LOOP('',(#603,#604,#605,#606,#607,#608,#609,#610,#611,#612));
#1701=EDGE_LOOP('',(#613,#614,#615,#616));
#1702=EDGE_LOOP('',(#617,#618,#619,#620,#621,#622));
#1703=EDGE_LOOP('',(#623,#624,#625,#626));
#1704=EDGE_LOOP('',(#627,#628,#629,#630,#631,#632));
#1705=EDGE_LOOP('',(#633,#634,#635,#636));
#1706=EDGE_LOOP('',(#637,#638,#639,#640));
#1707=EDGE_LOOP('',(#641,#642,#643,#644));
#1708=EDGE_LOOP('',(#645,#646,#647,#648));
#1709=EDGE_LOOP('',(#649,#650,#651));
#1710=EDGE_LOOP('',(#652,#653,#654,#655));
#1711=EDGE_LOOP('',(#656,#657,#658,#659));
#1712=EDGE_LOOP('',(#660,#661,#662,#663));
#1713=EDGE_LOOP('',(#664,#665,#666,#667));
#1714=EDGE_LOOP('',(#668,#669,#670));
#1715=EDGE_LOOP('',(#671,#672,#673));
#1716=EDGE_LOOP('',(#674,#675,#676,#677));
#1717=EDGE_LOOP('',(#678,#679,#680,#681));
#1718=EDGE_LOOP('',(#682,#683,#684));
#1719=EDGE_LOOP('',(#685,#686,#687,#688));
#1720=EDGE_LOOP('',(#689,#690,#691,#692));
#1721=EDGE_LOOP('',(#693,#694,#695,#696));
#1722=EDGE_LOOP('',(#697,#698,#699,#700));
#1723=EDGE_LOOP('',(#701,#702,#703,#704));
#1724=EDGE_LOOP('',(#705,#706,#707,#708));
#1725=EDGE_LOOP('',(#709,#710,#711,#712));
#1726=EDGE_LOOP('',(#713,#714,#715,#716));
#1727=EDGE_LOOP('',(#717,#718,#719,#720));
#1728=EDGE_LOOP('',(#721,#722,#723,#724));
#1729=EDGE_LOOP('',(#725,#726,#727,#728));
#1730=EDGE_LOOP('',(#729,#730,#731,#732));
#1731=EDGE_LOOP('',(#733,#734,#735,#736));
#1732=EDGE_LOOP('',(#737,#738,#739,#740));
#1733=EDGE_LOOP('',(#741,#742,#743,#744));
#1734=EDGE_LOOP('',(#745,#746,#747,#748));
#1735=EDGE_LOOP('',(#749,#750,#751,#752));
#1736=EDGE_LOOP('',(#753,#754,#755,#756));
#1737=EDGE_LOOP('',(#757,#758,#759,#760));
#1738=EDGE_LOOP('',(#761,#762,#763,#764));
#1739=EDGE_LOOP('',(#765,#766,#767,#768));
#1740=EDGE_LOOP('',(#769,#770,#771,#772));
#1741=EDGE_LOOP('',(#773,#774,#775,#776));
#1742=EDGE_LOOP('',(#777,#778,#779,#780));
#1743=EDGE_LOOP('',(#781,#782,#783,#784));
#1744=EDGE_LOOP('',(#785,#786,#787,#788));
#1745=EDGE_LOOP('',(#789,#790,#791,#792));
#1746=EDGE_LOOP('',(#793,#794,#795,#796));
#1747=EDGE_LOOP('',(#797,#798,#799,#800));
#1748=EDGE_LOOP('',(#801,#802,#803,#804));
#1749=EDGE_LOOP('',(#805,#806,#807,#808));
#1750=EDGE_LOOP('',(#809,#810,#811,#812));
#1751=EDGE_LOOP('',(#813,#814,#815,#816));
#1752=EDGE_LOOP('',(#817,#818,#819,#820,#821,#822,#823,#824,#825,#826,#827,
#828,#829,#830,#831,#832,#833,#834,#835,#836,#837));
#1753=EDGE_LOOP('',(#838,#839,#840,#841));
#1754=EDGE_LOOP('',(#842,#843,#844,#845));
#1755=EDGE_LOOP('',(#846,#847,#848,#849));
#1756=EDGE_LOOP('',(#850,#851,#852,#853));
#1757=EDGE_LOOP('',(#854,#855,#856,#857));
#1758=EDGE_LOOP('',(#858,#859,#860,#861));
#1759=EDGE_LOOP('',(#862,#863,#864,#865));
#1760=EDGE_LOOP('',(#866,#867,#868,#869));
#1761=EDGE_LOOP('',(#870,#871,#872,#873));
#1762=EDGE_LOOP('',(#874,#875,#876,#877));
#1763=EDGE_LOOP('',(#878,#879,#880,#881));
#1764=EDGE_LOOP('',(#882,#883,#884,#885));
#1765=EDGE_LOOP('',(#886,#887,#888,#889));
#1766=EDGE_LOOP('',(#890,#891,#892,#893));
#1767=EDGE_LOOP('',(#894,#895,#896,#897));
#1768=EDGE_LOOP('',(#898,#899,#900,#901));
#1769=EDGE_LOOP('',(#902,#903,#904,#905));
#1770=EDGE_LOOP('',(#906,#907,#908,#909));
#1771=EDGE_LOOP('',(#910,#911,#912,#913));
#1772=EDGE_LOOP('',(#914,#915,#916,#917));
#1773=EDGE_LOOP('',(#918,#919,#920,#921));
#1774=EDGE_LOOP('',(#922,#923,#924,#925));
#1775=EDGE_LOOP('',(#926,#927,#928,#929));
#1776=EDGE_LOOP('',(#930,#931,#932,#933));
#1777=EDGE_LOOP('',(#934,#935,#936,#937));
#1778=EDGE_LOOP('',(#938,#939,#940,#941));
#1779=EDGE_LOOP('',(#942,#943,#944,#945));
#1780=EDGE_LOOP('',(#946,#947,#948,#949));
#1781=EDGE_LOOP('',(#950,#951,#952,#953));
#1782=EDGE_LOOP('',(#954,#955,#956,#957));
#1783=EDGE_LOOP('',(#958,#959,#960,#961));
#1784=EDGE_LOOP('',(#962,#963,#964,#965,#966,#967,#968,#969,#970,#971,#972,
#973,#974,#975,#976,#977,#978,#979,#980,#981,#982,#983,#984,#985,#986,#987,
#988,#989,#990,#991,#992));
#1785=EDGE_LOOP('',(#993,#994,#995,#996));
#1786=EDGE_LOOP('',(#997,#998,#999,#1000));
#1787=EDGE_LOOP('',(#1001,#1002,#1003,#1004));
#1788=EDGE_LOOP('',(#1005,#1006,#1007,#1008));
#1789=EDGE_LOOP('',(#1009,#1010,#1011,#1012));
#1790=EDGE_LOOP('',(#1013,#1014,#1015,#1016));
#1791=EDGE_LOOP('',(#1017,#1018,#1019,#1020));
#1792=EDGE_LOOP('',(#1021,#1022,#1023,#1024));
#1793=EDGE_LOOP('',(#1025,#1026,#1027,#1028));
#1794=EDGE_LOOP('',(#1029,#1030,#1031,#1032));
#1795=EDGE_LOOP('',(#1033,#1034,#1035,#1036));
#1796=EDGE_LOOP('',(#1037,#1038,#1039,#1040));
#1797=EDGE_LOOP('',(#1041,#1042,#1043,#1044));
#1798=EDGE_LOOP('',(#1045,#1046,#1047,#1048));
#1799=EDGE_LOOP('',(#1049,#1050,#1051,#1052));
#1800=EDGE_LOOP('',(#1053,#1054,#1055,#1056,#1057,#1058,#1059,#1060));
#1801=EDGE_LOOP('',(#1061,#1062,#1063,#1064,#1065,#1066,#1067));
#1802=EDGE_LOOP('',(#1068,#1069,#1070,#1071,#1072,#1073,#1074));
#1803=FACE_BOUND('',#1680,.T.);
#1804=FACE_BOUND('',#1681,.T.);
#1805=FACE_BOUND('',#1682,.T.);
#1806=FACE_BOUND('',#1683,.T.);
#1807=FACE_BOUND('',#1684,.T.);
#1808=FACE_BOUND('',#1685,.T.);
#1809=FACE_BOUND('',#1686,.T.);
#1810=FACE_BOUND('',#1687,.T.);
#1811=FACE_BOUND('',#1688,.T.);
#1812=FACE_BOUND('',#1689,.T.);
#1813=FACE_BOUND('',#1690,.T.);
#1814=FACE_BOUND('',#1691,.T.);
#1815=FACE_BOUND('',#1692,.T.);
#1816=FACE_BOUND('',#1693,.T.);
#1817=FACE_BOUND('',#1694,.T.);
#1818=FACE_BOUND('',#1695,.T.);
#1819=FACE_BOUND('',#1696,.T.);
#1820=FACE_BOUND('',#1697,.T.);
#1821=FACE_BOUND('',#1698,.T.);
#1822=FACE_BOUND('',#1699,.T.);
#1823=FACE_BOUND('',#1700,.T.);
#1824=FACE_BOUND('',#1701,.T.);
#1825=FACE_BOUND('',#1702,.T.);
#1826=FACE_BOUND('',#1703,.T.);
#1827=FACE_BOUND('',#1704,.T.);
#1828=FACE_BOUND('',#1705,.T.);
#1829=FACE_BOUND('',#1706,.T.);
#1830=FACE_BOUND('',#1707,.T.);
#1831=FACE_BOUND('',#1708,.T.);
#1832=FACE_BOUND('',#1709,.T.);
#1833=FACE_BOUND('',#1710,.T.);
#1834=FACE_BOUND('',#1711,.T.);
#1835=FACE_BOUND('',#1712,.T.);
#1836=FACE_BOUND('',#1713,.T.);
#1837=FACE_BOUND('',#1714,.T.);
#1838=FACE_BOUND('',#1715,.T.);
#1839=FACE_BOUND('',#1716,.T.);
#1840=FACE_BOUND('',#1717,.T.);
#1841=FACE_BOUND('',#1718,.T.);
#1842=FACE_BOUND('',#1719,.T.);
#1843=FACE_BOUND('',#1720,.T.);
#1844=FACE_BOUND('',#1721,.T.);
#1845=FACE_BOUND('',#1722,.T.);
#1846=FACE_BOUND('',#1723,.T.);
#1847=FACE_BOUND('',#1724,.T.);
#1848=FACE_BOUND('',#1725,.T.);
#1849=FACE_BOUND('',#1726,.T.);
#1850=FACE_BOUND('',#1727,.T.);
#1851=FACE_BOUND('',#1728,.T.);
#1852=FACE_BOUND('',#1729,.T.);
#1853=FACE_BOUND('',#1730,.T.);
#1854=FACE_BOUND('',#1731,.T.);
#1855=FACE_BOUND('',#1732,.T.);
#1856=FACE_BOUND('',#1733,.T.);
#1857=FACE_BOUND('',#1734,.T.);
#1858=FACE_BOUND('',#1735,.T.);
#1859=FACE_BOUND('',#1736,.T.);
#1860=FACE_BOUND('',#1737,.T.);
#1861=FACE_BOUND('',#1738,.T.);
#1862=FACE_BOUND('',#1739,.T.);
#1863=FACE_BOUND('',#1740,.T.);
#1864=FACE_BOUND('',#1741,.T.);
#1865=FACE_BOUND('',#1742,.T.);
#1866=FACE_BOUND('',#1743,.T.);
#1867=FACE_BOUND('',#1744,.T.);
#1868=FACE_BOUND('',#1745,.T.);
#1869=FACE_BOUND('',#1746,.T.);
#1870=FACE_BOUND('',#1747,.T.);
#1871=FACE_BOUND('',#1748,.T.);
#1872=FACE_BOUND('',#1749,.T.);
#1873=FACE_BOUND('',#1750,.T.);
#1874=FACE_BOUND('',#1751,.T.);
#1875=FACE_BOUND('',#1752,.T.);
#1876=FACE_BOUND('',#1753,.T.);
#1877=FACE_BOUND('',#1754,.T.);
#1878=FACE_BOUND('',#1755,.T.);
#1879=FACE_BOUND('',#1756,.T.);
#1880=FACE_BOUND('',#1757,.T.);
#1881=FACE_BOUND('',#1758,.T.);
#1882=FACE_BOUND('',#1759,.T.);
#1883=FACE_BOUND('',#1760,.T.);
#1884=FACE_BOUND('',#1761,.T.);
#1885=FACE_BOUND('',#1762,.T.);
#1886=FACE_BOUND('',#1763,.T.);
#1887=FACE_BOUND('',#1764,.T.);
#1888=FACE_BOUND('',#1765,.T.);
#1889=FACE_BOUND('',#1766,.T.);
#1890=FACE_BOUND('',#1767,.T.);
#1891=FACE_BOUND('',#1768,.T.);
#1892=FACE_BOUND('',#1769,.T.);
#1893=FACE_BOUND('',#1770,.T.);
#1894=FACE_BOUND('',#1771,.T.);
#1895=FACE_BOUND('',#1772,.T.);
#1896=FACE_BOUND('',#1773,.T.);
#1897=FACE_BOUND('',#1774,.T.);
#1898=FACE_BOUND('',#1775,.T.);
#1899=FACE_BOUND('',#1776,.T.);
#1900=FACE_BOUND('',#1777,.T.);
#1901=FACE_BOUND('',#1778,.T.);
#1902=FACE_BOUND('',#1779,.T.);
#1903=FACE_BOUND('',#1780,.T.);
#1904=FACE_BOUND('',#1781,.T.);
#1905=FACE_BOUND('',#1782,.T.);
#1906=FACE_BOUND('',#1783,.T.);
#1907=FACE_BOUND('',#1784,.T.);
#1908=FACE_BOUND('',#1785,.T.);
#1909=FACE_BOUND('',#1786,.T.);
#1910=FACE_BOUND('',#1787,.T.);
#1911=FACE_BOUND('',#1788,.T.);
#1912=FACE_BOUND('',#1789,.T.);
#1913=FACE_BOUND('',#1790,.T.);
#1914=FACE_BOUND('',#1791,.T.);
#1915=FACE_BOUND('',#1792,.T.);
#1916=FACE_BOUND('',#1793,.T.);
#1917=FACE_BOUND('',#1794,.T.);
#1918=FACE_BOUND('',#1795,.T.);
#1919=FACE_BOUND('',#1796,.T.);
#1920=FACE_BOUND('',#1797,.T.);
#1921=FACE_BOUND('',#1798,.T.);
#1922=FACE_BOUND('',#1799,.T.);
#1923=FACE_BOUND('',#1800,.T.);
#1924=FACE_BOUND('',#1801,.T.);
#1925=FACE_BOUND('',#1802,.T.);
#1926=PLANE('',#2094);
#1927=PLANE('',#2102);
#1928=PLANE('',#2103);
#1929=PLANE('',#2104);
#1930=PLANE('',#2105);
#1931=PLANE('',#2106);
#1932=PLANE('',#2111);
#1933=PLANE('',#2112);
#1934=PLANE('',#2113);
#1935=PLANE('',#2114);
#1936=PLANE('',#2115);
#1937=PLANE('',#2116);
#1938=PLANE('',#2117);
#1939=PLANE('',#2118);
#1940=PLANE('',#2121);
#1941=PLANE('',#2124);
#1942=PLANE('',#2125);
#1943=PLANE('',#2126);
#1944=PLANE('',#2127);
#1945=PLANE('',#2128);
#1946=PLANE('',#2129);
#1947=PLANE('',#2180);
#1948=PLANE('',#2181);
#1949=PLANE('',#2182);
#1950=PLANE('',#2183);
#1951=PLANE('',#2184);
#1952=PLANE('',#2185);
#1953=PLANE('',#2186);
#1954=PLANE('',#2189);
#1955=PLANE('',#2192);
#1956=PLANE('',#2193);
#1957=PLANE('',#2194);
#1958=PLANE('',#2195);
#1959=PLANE('',#2196);
#1960=PLANE('',#2197);
#1961=PLANE('',#2198);
#1962=PLANE('',#2199);
#1963=PLANE('',#2200);
#1964=PLANE('',#2201);
#1965=ADVANCED_FACE('',(#1803,#1804,#1805,#1806,#1807),#1926,.T.);
#1966=ADVANCED_FACE('',(#1808),#1927,.F.);
#1967=ADVANCED_FACE('',(#1809),#1928,.T.);
#1968=ADVANCED_FACE('',(#1810),#1929,.F.);
#1969=ADVANCED_FACE('',(#1811),#1930,.T.);
#1970=ADVANCED_FACE('',(#1812,#1813),#1931,.F.);
#1971=ADVANCED_FACE('',(#1814),#1932,.T.);
#1972=ADVANCED_FACE('',(#1815),#1933,.F.);
#1973=ADVANCED_FACE('',(#1816),#1934,.F.);
#1974=ADVANCED_FACE('',(#1817),#1935,.T.);
#1975=ADVANCED_FACE('',(#1818),#1936,.T.);
#1976=ADVANCED_FACE('',(#1819),#1937,.F.);
#1977=ADVANCED_FACE('',(#1820),#1938,.T.);
#1978=ADVANCED_FACE('',(#1821,#1822),#1939,.T.);
#1979=ADVANCED_FACE('',(#1823),#1940,.F.);
#1980=ADVANCED_FACE('',(#1824),#1941,.T.);
#1981=ADVANCED_FACE('',(#1825),#1942,.F.);
#1982=ADVANCED_FACE('',(#1826),#1943,.F.);
#1983=ADVANCED_FACE('',(#1827),#1944,.T.);
#1984=ADVANCED_FACE('',(#1828),#1945,.T.);
#1985=ADVANCED_FACE('',(#1829),#1946,.F.);
#1986=ADVANCED_FACE('',(#1830),#70,.T.);
#1987=ADVANCED_FACE('',(#1831),#71,.T.);
#1988=ADVANCED_FACE('',(#1832),#66,.T.);
#1989=ADVANCED_FACE('',(#1833),#72,.T.);
#1990=ADVANCED_FACE('',(#1834),#73,.T.);
#1991=ADVANCED_FACE('',(#1835),#74,.T.);
#1992=ADVANCED_FACE('',(#1836),#75,.T.);
#1993=ADVANCED_FACE('',(#1837),#67,.T.);
#1994=ADVANCED_FACE('',(#1838),#68,.T.);
#1995=ADVANCED_FACE('',(#1839),#76,.T.);
#1996=ADVANCED_FACE('',(#1840),#77,.T.);
#1997=ADVANCED_FACE('',(#1841),#69,.T.);
#1998=ADVANCED_FACE('',(#1842),#78,.T.);
#1999=ADVANCED_FACE('',(#1843),#79,.F.);
#2000=ADVANCED_FACE('',(#1844),#62,.T.);
#2001=ADVANCED_FACE('',(#1845),#80,.F.);
#2002=ADVANCED_FACE('',(#1846),#81,.T.);
#2003=ADVANCED_FACE('',(#1847),#82,.F.);
#2004=ADVANCED_FACE('',(#1848),#63,.T.);
#2005=ADVANCED_FACE('',(#1849),#64,.T.);
#2006=ADVANCED_FACE('',(#1850),#83,.T.);
#2007=ADVANCED_FACE('',(#1851),#84,.T.);
#2008=ADVANCED_FACE('',(#1852),#65,.T.);
#2009=ADVANCED_FACE('',(#1853),#85,.F.);
#2010=ADVANCED_FACE('',(#1854),#86,.F.);
#2011=ADVANCED_FACE('',(#1855),#12,.T.);
#2012=ADVANCED_FACE('',(#1856),#13,.T.);
#2013=ADVANCED_FACE('',(#1857),#14,.T.);
#2014=ADVANCED_FACE('',(#1858),#15,.T.);
#2015=ADVANCED_FACE('',(#1859),#16,.T.);
#2016=ADVANCED_FACE('',(#1860),#17,.T.);
#2017=ADVANCED_FACE('',(#1861),#1947,.T.);
#2018=ADVANCED_FACE('',(#1862),#18,.T.);
#2019=ADVANCED_FACE('',(#1863),#19,.T.);
#2020=ADVANCED_FACE('',(#1864),#20,.T.);
#2021=ADVANCED_FACE('',(#1865),#21,.T.);
#2022=ADVANCED_FACE('',(#1866),#22,.T.);
#2023=ADVANCED_FACE('',(#1867),#23,.T.);
#2024=ADVANCED_FACE('',(#1868),#24,.T.);
#2025=ADVANCED_FACE('',(#1869),#1948,.T.);
#2026=ADVANCED_FACE('',(#1870),#1949,.T.);
#2027=ADVANCED_FACE('',(#1871),#1950,.T.);
#2028=ADVANCED_FACE('',(#1872),#1951,.T.);
#2029=ADVANCED_FACE('',(#1873),#1952,.T.);
#2030=ADVANCED_FACE('',(#1874),#25,.T.);
#2031=ADVANCED_FACE('',(#1875),#1953,.T.);
#2032=ADVANCED_FACE('',(#1876),#26,.T.);
#2033=ADVANCED_FACE('',(#1877),#27,.T.);
#2034=ADVANCED_FACE('',(#1878),#87,.T.);
#2035=ADVANCED_FACE('',(#1879),#28,.T.);
#2036=ADVANCED_FACE('',(#1880),#29,.T.);
#2037=ADVANCED_FACE('',(#1881),#30,.T.);
#2038=ADVANCED_FACE('',(#1882),#31,.T.);
#2039=ADVANCED_FACE('',(#1883),#32,.T.);
#2040=ADVANCED_FACE('',(#1884),#33,.T.);
#2041=ADVANCED_FACE('',(#1885),#34,.T.);
#2042=ADVANCED_FACE('',(#1886),#35,.T.);
#2043=ADVANCED_FACE('',(#1887),#1954,.T.);
#2044=ADVANCED_FACE('',(#1888),#36,.T.);
#2045=ADVANCED_FACE('',(#1889),#37,.T.);
#2046=ADVANCED_FACE('',(#1890),#38,.T.);
#2047=ADVANCED_FACE('',(#1891),#39,.T.);
#2048=ADVANCED_FACE('',(#1892),#40,.T.);
#2049=ADVANCED_FACE('',(#1893),#41,.T.);
#2050=ADVANCED_FACE('',(#1894),#88,.T.);
#2051=ADVANCED_FACE('',(#1895),#42,.T.);
#2052=ADVANCED_FACE('',(#1896),#43,.T.);
#2053=ADVANCED_FACE('',(#1897),#44,.T.);
#2054=ADVANCED_FACE('',(#1898),#45,.T.);
#2055=ADVANCED_FACE('',(#1899),#46,.T.);
#2056=ADVANCED_FACE('',(#1900),#47,.T.);
#2057=ADVANCED_FACE('',(#1901),#48,.T.);
#2058=ADVANCED_FACE('',(#1902),#49,.T.);
#2059=ADVANCED_FACE('',(#1903),#1955,.T.);
#2060=ADVANCED_FACE('',(#1904),#50,.T.);
#2061=ADVANCED_FACE('',(#1905),#51,.T.);
#2062=ADVANCED_FACE('',(#1906),#52,.T.);
#2063=ADVANCED_FACE('',(#1907),#1956,.T.);
#2064=ADVANCED_FACE('',(#1908),#53,.T.);
#2065=ADVANCED_FACE('',(#1909),#54,.T.);
#2066=ADVANCED_FACE('',(#1910),#55,.T.);
#2067=ADVANCED_FACE('',(#1911),#1957,.T.);
#2068=ADVANCED_FACE('',(#1912),#1958,.T.);
#2069=ADVANCED_FACE('',(#1913),#1959,.T.);
#2070=ADVANCED_FACE('',(#1914),#56,.T.);
#2071=ADVANCED_FACE('',(#1915),#57,.T.);
#2072=ADVANCED_FACE('',(#1916),#58,.T.);
#2073=ADVANCED_FACE('',(#1917),#1960,.T.);
#2074=ADVANCED_FACE('',(#1918),#1961,.T.);
#2075=ADVANCED_FACE('',(#1919),#1962,.T.);
#2076=ADVANCED_FACE('',(#1920),#59,.T.);
#2077=ADVANCED_FACE('',(#1921),#60,.T.);
#2078=ADVANCED_FACE('',(#1922),#61,.T.);
#2079=ADVANCED_FACE('',(#1923,#1924),#1963,.T.);
#2080=ADVANCED_FACE('',(#1925),#1964,.T.);
#2081=CLOSED_SHELL('',(#1965,#1966,#1967,#1968,#1969,#1970,#1971,#1972,
#1973,#1974,#1975,#1976,#1977,#1978,#1979,#1980,#1981,#1982,#1983,#1984,
#1985,#1986,#1987,#1988,#1989,#1990,#1991,#1992,#1993,#1994,#1995,#1996,
#1997,#1998,#1999,#2000,#2001,#2002,#2003,#2004,#2005,#2006,#2007,#2008,
#2009,#2010,#2011,#2012,#2013,#2014,#2015,#2016,#2017,#2018,#2019,#2020,
#2021,#2022,#2023,#2024,#2025,#2026,#2027,#2028,#2029,#2030,#2031,#2032,
#2033,#2034,#2035,#2036,#2037,#2038,#2039,#2040,#2041,#2042,#2043,#2044,
#2045,#2046,#2047,#2048,#2049,#2050,#2051,#2052,#2053,#2054,#2055,#2056,
#2057,#2058,#2059,#2060,#2061,#2062,#2063,#2064,#2065,#2066,#2067,#2068,
#2069,#2070,#2071,#2072,#2073,#2074,#2075,#2076,#2077,#2078,#2079,#2080));
#2082=STYLED_ITEM('',(#2083),#2090);
#2083=PRESENTATION_STYLE_ASSIGNMENT((#2084));
#2084=SURFACE_STYLE_USAGE(.BOTH.,#2085);
#2085=SURFACE_SIDE_STYLE('',(#2086));
#2086=SURFACE_STYLE_FILL_AREA(#2087);
#2087=FILL_AREA_STYLE('',(#2088));
#2088=FILL_AREA_STYLE_COLOUR('',#2089);
#2089=COLOUR_RGB('',0.615686274509804,0.811764705882353,0.929411764705882);
#2090=MANIFOLD_SOLID_BREP('top',#2081);
#2091=SHAPE_DEFINITION_REPRESENTATION(#3763,#2092);
#2092=SHAPE_REPRESENTATION('top',(#2093),#3758);
#2093=AXIS2_PLACEMENT_3D('',#2585,#2202,#2203);
#2094=AXIS2_PLACEMENT_3D('',#2586,#2204,#2205);
#2095=AXIS2_PLACEMENT_3D('',#2664,#2210,#2211);
#2096=AXIS2_PLACEMENT_3D('',#2724,#2213,#2214);
#2097=AXIS2_PLACEMENT_3D('',#2729,#2215,#2216);
#2098=AXIS2_PLACEMENT_3D('',#2810,#2228,#2229);
#2099=AXIS2_PLACEMENT_3D('',#2814,#2231,#2232);
#2100=AXIS2_PLACEMENT_3D('',#2818,#2234,#2235);
#2101=AXIS2_PLACEMENT_3D('',#2822,#2237,#2238);
#2102=AXIS2_PLACEMENT_3D('',#2823,#2239,#2240);
#2103=AXIS2_PLACEMENT_3D('',#2832,#2245,#2246);
#2104=AXIS2_PLACEMENT_3D('',#2841,#2251,#2252);
#2105=AXIS2_PLACEMENT_3D('',#2850,#2257,#2258);
#2106=AXIS2_PLACEMENT_3D('',#2859,#2263,#2264);
#2107=AXIS2_PLACEMENT_3D('',#2868,#2269,#2270);
#2108=AXIS2_PLACEMENT_3D('',#2869,#2271,#2272);
#2109=AXIS2_PLACEMENT_3D('',#2870,#2273,#2274);
#2110=AXIS2_PLACEMENT_3D('',#2871,#2275,#2276);
#2111=AXIS2_PLACEMENT_3D('',#2872,#2277,#2278);
#2112=AXIS2_PLACEMENT_3D('',#2878,#2282,#2283);
#2113=AXIS2_PLACEMENT_3D('',#2882,#2286,#2287);
#2114=AXIS2_PLACEMENT_3D('',#2886,#2290,#2291);
#2115=AXIS2_PLACEMENT_3D('',#2895,#2296,#2297);
#2116=AXIS2_PLACEMENT_3D('',#2901,#2301,#2302);
#2117=AXIS2_PLACEMENT_3D('',#2907,#2306,#2307);
#2118=AXIS2_PLACEMENT_3D('',#2909,#2309,#2310);
#2119=AXIS2_PLACEMENT_3D('',#2914,#2313,#2314);
#2120=AXIS2_PLACEMENT_3D('',#2918,#2316,#2317);
#2121=AXIS2_PLACEMENT_3D('',#2923,#2320,#2321);
#2122=AXIS2_PLACEMENT_3D('',#2928,#2324,#2325);
#2123=AXIS2_PLACEMENT_3D('',#2932,#2327,#2328);
#2124=AXIS2_PLACEMENT_3D('',#2937,#2331,#2332);
#2125=AXIS2_PLACEMENT_3D('',#2943,#2336,#2337);
#2126=AXIS2_PLACEMENT_3D('',#2950,#2342,#2343);
#2127=AXIS2_PLACEMENT_3D('',#2956,#2347,#2348);
#2128=AXIS2_PLACEMENT_3D('',#2963,#2353,#2354);
#2129=AXIS2_PLACEMENT_3D('',#2964,#2355,#2356);
#2130=AXIS2_PLACEMENT_3D('',#2965,#2357,#2358);
#2131=AXIS2_PLACEMENT_3D('',#2966,#2359,#2360);
#2132=AXIS2_PLACEMENT_3D('',#2967,#2361,#2362);
#2133=AXIS2_PLACEMENT_3D('',#2968,#2363,#2364);
#2134=AXIS2_PLACEMENT_3D('',#2969,#2365,#2366);
#2135=AXIS2_PLACEMENT_3D('',#2970,#2367,#2368);
#2136=AXIS2_PLACEMENT_3D('',#2971,#2369,#2370);
#2137=AXIS2_PLACEMENT_3D('',#2972,#2371,#2372);
#2138=AXIS2_PLACEMENT_3D('',#2973,#2373,#2374);
#2139=AXIS2_PLACEMENT_3D('',#2974,#2375,#2376);
#2140=AXIS2_PLACEMENT_3D('',#2975,#2377,#2378);
#2141=AXIS2_PLACEMENT_3D('',#2976,#2379,#2380);
#2142=AXIS2_PLACEMENT_3D('',#2977,#2381,#2382);
#2143=AXIS2_PLACEMENT_3D('',#2978,#2383,#2384);
#2144=AXIS2_PLACEMENT_3D('',#2979,#2385,#2386);
#2145=AXIS2_PLACEMENT_3D('',#2980,#2387,#2388);
#2146=AXIS2_PLACEMENT_3D('',#2981,#2389,#2390);
#2147=AXIS2_PLACEMENT_3D('',#2982,#2391,#2392);
#2148=AXIS2_PLACEMENT_3D('',#2983,#2393,#2394);
#2149=AXIS2_PLACEMENT_3D('',#2984,#2395,#2396);
#2150=AXIS2_PLACEMENT_3D('',#2985,#2397,#2398);
#2151=AXIS2_PLACEMENT_3D('',#2986,#2399,#2400);
#2152=AXIS2_PLACEMENT_3D('',#2987,#2401,#2402);
#2153=AXIS2_PLACEMENT_3D('',#2988,#2403,#2404);
#2154=AXIS2_PLACEMENT_3D('',#2989,#2405,#2406);
#2155=AXIS2_PLACEMENT_3D('',#2990,#2407,#2408);
#2156=AXIS2_PLACEMENT_3D('',#2991,#2409,#2410);
#2157=AXIS2_PLACEMENT_3D('',#2992,#2411,#2412);
#2158=AXIS2_PLACEMENT_3D('',#2993,#2413,#2414);
#2159=AXIS2_PLACEMENT_3D('',#2994,#2415,#2416);
#2160=AXIS2_PLACEMENT_3D('',#2995,#2417,#2418);
#2161=AXIS2_PLACEMENT_3D('',#2996,#2419,#2420);
#2162=AXIS2_PLACEMENT_3D('',#2997,#2421,#2422);
#2163=AXIS2_PLACEMENT_3D('',#2998,#2423,#2424);
#2164=AXIS2_PLACEMENT_3D('',#2999,#2425,#2426);
#2165=AXIS2_PLACEMENT_3D('',#3000,#2427,#2428);
#2166=AXIS2_PLACEMENT_3D('',#3001,#2429,#2430);
#2167=AXIS2_PLACEMENT_3D('',#3002,#2431,#2432);
#2168=AXIS2_PLACEMENT_3D('',#3003,#2433,#2434);
#2169=AXIS2_PLACEMENT_3D('',#3004,#2435,#2436);
#2170=AXIS2_PLACEMENT_3D('',#3005,#2437,#2438);
#2171=AXIS2_PLACEMENT_3D('',#3006,#2439,#2440);
#2172=AXIS2_PLACEMENT_3D('',#3007,#2441,#2442);
#2173=AXIS2_PLACEMENT_3D('',#3008,#2443,#2444);
#2174=AXIS2_PLACEMENT_3D('',#3009,#2445,#2446);
#2175=AXIS2_PLACEMENT_3D('',#3010,#2447,#2448);
#2176=AXIS2_PLACEMENT_3D('',#3011,#2449,#2450);
#2177=AXIS2_PLACEMENT_3D('',#3012,#2451,#2452);
#2178=AXIS2_PLACEMENT_3D('',#3013,#2453,#2454);
#2179=AXIS2_PLACEMENT_3D('',#3016,#2456,#2457);
#2180=AXIS2_PLACEMENT_3D('',#3097,#2465,#2466);
#2181=AXIS2_PLACEMENT_3D('',#3192,#2476,#2477);
#2182=AXIS2_PLACEMENT_3D('',#3196,#2480,#2481);
#2183=AXIS2_PLACEMENT_3D('',#3200,#2484,#2485);
#2184=AXIS2_PLACEMENT_3D('',#3204,#2488,#2489);
#2185=AXIS2_PLACEMENT_3D('',#3208,#2492,#2493);
#2186=AXIS2_PLACEMENT_3D('',#3223,#2496,#2497);
#2187=AXIS2_PLACEMENT_3D('',#3252,#2501,#2502);
#2188=AXIS2_PLACEMENT_3D('',#3255,#2504,#2505);
#2189=AXIS2_PLACEMENT_3D('',#3360,#2514,#2515);
#2190=AXIS2_PLACEMENT_3D('',#3442,#2524,#2525);
#2191=AXIS2_PLACEMENT_3D('',#3445,#2527,#2528);
#2192=AXIS2_PLACEMENT_3D('',#3550,#2537,#2538);
#2193=AXIS2_PLACEMENT_3D('',#3591,#2543,#2544);
#2194=AXIS2_PLACEMENT_3D('',#3646,#2549,#2550);
#2195=AXIS2_PLACEMENT_3D('',#3652,#2554,#2555);
#2196=AXIS2_PLACEMENT_3D('',#3658,#2559,#2560);
#2197=AXIS2_PLACEMENT_3D('',#3705,#2568,#2569);
#2198=AXIS2_PLACEMENT_3D('',#3709,#2572,#2573);
#2199=AXIS2_PLACEMENT_3D('',#3713,#2576,#2577);
#2200=AXIS2_PLACEMENT_3D('',#3755,#2581,#2582);
#2201=AXIS2_PLACEMENT_3D('',#3756,#2583,#2584);
#2202=DIRECTION('',(0.,0.,1.));
#2203=DIRECTION('',(1.,0.,0.));
#2204=DIRECTION('',(0.,-1.,0.));
#2205=DIRECTION('',(1.,0.,0.));
#2206=DIRECTION('',(-1.,0.,0.));
#2207=DIRECTION('',(0.,0.,1.));
#2208=DIRECTION('',(1.,0.,0.));
#2209=DIRECTION('',(0.986661958824328,0.,0.162782612735326));
#2210=DIRECTION('',(0.,1.,0.));
#2211=DIRECTION('',(0.,0.,1.));
#2212=DIRECTION('',(-0.990816674716807,0.,-0.135212118921086));
#2213=DIRECTION('',(0.,1.,0.));
#2214=DIRECTION('',(0.,0.,1.));
#2215=DIRECTION('',(0.,1.,0.));
#2216=DIRECTION('',(0.,0.,1.));
#2217=DIRECTION('',(0.,0.,1.));
#2218=DIRECTION('',(-1.,0.,0.));
#2219=DIRECTION('',(0.,0.,1.));
#2220=DIRECTION('',(1.,0.,0.));
#2221=DIRECTION('',(0.,0.,-1.));
#2222=DIRECTION('',(-0.957515684815192,0.,-0.288381194485518));
#2223=DIRECTION('',(-2.00160401074247E-16,0.,-1.));
#2224=DIRECTION('',(1.,0.,0.));
#2225=DIRECTION('',(-2.00160401074247E-16,0.,-1.));
#2226=DIRECTION('',(1.,0.,0.));
#2227=DIRECTION('',(0.,0.,-1.));
#2228=DIRECTION('',(0.,-1.,0.));
#2229=DIRECTION('',(0.,0.,-1.));
#2230=DIRECTION('',(1.,0.,0.));
#2231=DIRECTION('',(0.,-1.,0.));
#2232=DIRECTION('',(0.,0.,-1.));
#2233=DIRECTION('',(0.,0.,-1.));
#2234=DIRECTION('',(0.,-1.,0.));
#2235=DIRECTION('',(0.,0.,-1.));
#2236=DIRECTION('',(1.,0.,0.));
#2237=DIRECTION('',(0.,-1.,0.));
#2238=DIRECTION('',(0.,0.,-1.));
#2239=DIRECTION('',(1.,0.,-2.00160401074247E-16));
#2240=DIRECTION('',(-2.00160401074247E-16,0.,-1.));
#2241=DIRECTION('',(-2.00160401074247E-16,0.,-1.));
#2242=DIRECTION('',(0.,1.,0.));
#2243=DIRECTION('',(-2.00160401074247E-16,0.,-1.));
#2244=DIRECTION('',(0.,1.,0.));
#2245=DIRECTION('',(0.,0.,1.));
#2246=DIRECTION('',(1.,0.,0.));
#2247=DIRECTION('',(1.,0.,0.));
#2248=DIRECTION('',(0.,1.,0.));
#2249=DIRECTION('',(1.,0.,0.));
#2250=DIRECTION('',(0.,1.,0.));
#2251=DIRECTION('',(0.,0.,1.));
#2252=DIRECTION('',(1.,0.,0.));
#2253=DIRECTION('',(1.,0.,0.));
#2254=DIRECTION('',(0.,1.,0.));
#2255=DIRECTION('',(1.,0.,0.));
#2256=DIRECTION('',(0.,1.,0.));
#2257=DIRECTION('',(1.,0.,-2.00160401074247E-16));
#2258=DIRECTION('',(-2.00160401074247E-16,0.,-1.));
#2259=DIRECTION('',(-2.00160401074247E-16,0.,-1.));
#2260=DIRECTION('',(0.,1.,0.));
#2261=DIRECTION('',(-2.00160401074247E-16,0.,-1.));
#2262=DIRECTION('',(0.,1.,0.));
#2263=DIRECTION('',(0.,-1.,0.));
#2264=DIRECTION('',(1.,0.,0.));
#2265=DIRECTION('',(1.43069977400149E-16,0.,-1.));
#2266=DIRECTION('',(-1.,0.,0.));
#2267=DIRECTION('',(1.43069977400149E-16,0.,-1.));
#2268=DIRECTION('',(-1.,0.,0.));
#2269=DIRECTION('',(0.,-1.,0.));
#2270=DIRECTION('',(0.,0.,-1.));
#2271=DIRECTION('',(0.,-1.,0.));
#2272=DIRECTION('',(0.,0.,-1.));
#2273=DIRECTION('',(0.,-1.,0.));
#2274=DIRECTION('',(0.,0.,-1.));
#2275=DIRECTION('',(0.,-1.,0.));
#2276=DIRECTION('',(0.,0.,-1.));
#2277=DIRECTION('',(0.,0.,1.));
#2278=DIRECTION('',(1.,0.,0.));
#2279=DIRECTION('',(0.,-1.,0.));
#2280=DIRECTION('',(-1.,0.,0.));
#2281=DIRECTION('',(0.,-1.,0.));
#2282=DIRECTION('',(-1.,0.,-1.43069977400149E-16));
#2283=DIRECTION('',(-1.43069977400149E-16,0.,1.));
#2284=DIRECTION('',(0.,-1.,0.));
#2285=DIRECTION('',(1.43069977400149E-16,0.,-1.));
#2286=DIRECTION('',(0.,0.,1.));
#2287=DIRECTION('',(1.,0.,0.));
#2288=DIRECTION('',(0.,-1.,0.));
#2289=DIRECTION('',(-1.,0.,0.));
#2290=DIRECTION('',(0.,0.,1.));
#2291=DIRECTION('',(1.,0.,0.));
#2292=DIRECTION('',(-1.,0.,0.));
#2293=DIRECTION('',(0.,-1.,0.));
#2294=DIRECTION('',(-1.,0.,0.));
#2295=DIRECTION('',(0.,-1.,0.));
#2296=DIRECTION('',(-1.,0.,-1.47636040508664E-16));
#2297=DIRECTION('',(-1.47636040508664E-16,0.,1.));
#2298=DIRECTION('',(1.47636040508664E-16,0.,-1.));
#2299=DIRECTION('',(0.,1.,0.));
#2300=DIRECTION('',(1.47636040508664E-16,0.,-1.));
#2301=DIRECTION('',(-1.,0.,-1.47636040508664E-16));
#2302=DIRECTION('',(-1.47636040508664E-16,0.,1.));
#2303=DIRECTION('',(1.47636040508664E-16,0.,-1.));
#2304=DIRECTION('',(0.,-1.,0.));
#2305=DIRECTION('',(1.47636040508664E-16,0.,-1.));
#2306=DIRECTION('',(-1.,0.,-1.43069977400149E-16));
#2307=DIRECTION('',(-1.43069977400149E-16,0.,1.));
#2308=DIRECTION('',(1.43069977400149E-16,0.,-1.));
#2309=DIRECTION('',(0.,1.,0.));
#2310=DIRECTION('',(-1.,0.,0.));
#2311=DIRECTION('',(0.707106781186547,0.,0.707106781186548));
#2312=DIRECTION('',(0.,0.,1.));
#2313=DIRECTION('',(0.,1.,0.));
#2314=DIRECTION('',(0.,0.,1.));
#2315=DIRECTION('',(-1.,0.,0.));
#2316=DIRECTION('',(0.,1.,0.));
#2317=DIRECTION('',(0.,0.,1.));
#2318=DIRECTION('',(0.,0.,1.));
#2319=DIRECTION('',(-0.707106781186547,0.,0.707106781186548));
#2320=DIRECTION('',(0.,-1.,0.));
#2321=DIRECTION('',(1.,0.,0.));
#2322=DIRECTION('',(0.707106781186547,0.,-0.707106781186548));
#2323=DIRECTION('',(0.,0.,-1.));
#2324=DIRECTION('',(0.,-1.,0.));
#2325=DIRECTION('',(0.,0.,-1.));
#2326=DIRECTION('',(1.,0.,0.));
#2327=DIRECTION('',(0.,-1.,0.));
#2328=DIRECTION('',(0.,0.,-1.));
#2329=DIRECTION('',(0.,0.,1.));
#2330=DIRECTION('',(-0.707106781186547,0.,-0.707106781186548));
#2331=DIRECTION('',(0.,0.,-1.));
#2332=DIRECTION('',(-1.,0.,0.));
#2333=DIRECTION('',(0.,-1.,0.));
#2334=DIRECTION('',(1.,0.,0.));
#2335=DIRECTION('',(0.,-1.,0.));
#2336=DIRECTION('',(-1.,0.,0.));
#2337=DIRECTION('',(0.,0.,1.));
#2338=DIRECTION('',(0.,-1.,0.));
#2339=DIRECTION('',(0.,-1.,0.));
#2340=DIRECTION('',(0.,-1.,0.));
#2341=DIRECTION('',(0.,0.,-1.));
#2342=DIRECTION('',(0.,0.,-1.));
#2343=DIRECTION('',(-1.,0.,0.));
#2344=DIRECTION('',(1.,0.,0.));
#2345=DIRECTION('',(0.,-1.,0.));
#2346=DIRECTION('',(0.,-1.,0.));
#2347=DIRECTION('',(-1.,0.,0.));
#2348=DIRECTION('',(0.,0.,1.));
#2349=DIRECTION('',(0.,-1.,0.));
#2350=DIRECTION('',(0.,0.,-1.));
#2351=DIRECTION('',(0.,-1.,0.));
#2352=DIRECTION('',(0.,-1.,0.));
#2353=DIRECTION('',(-0.707106781186548,0.,0.707106781186547));
#2354=DIRECTION('',(0.,1.,0.));
#2355=DIRECTION('',(-0.707106781186548,0.,-0.707106781186547));
#2356=DIRECTION('',(0.,-1.,0.));
#2357=DIRECTION('',(-1.,0.,0.));
#2358=DIRECTION('',(0.,0.,1.));
#2359=DIRECTION('',(-1.,0.,0.));
#2360=DIRECTION('',(0.,0.,1.));
#2361=DIRECTION('',(1.,0.,0.));
#2362=DIRECTION('',(0.,0.,-1.));
#2363=DIRECTION('',(0.,1.,0.));
#2364=DIRECTION('',(0.,0.,1.));
#2365=DIRECTION('',(0.,-1.,0.));
#2366=DIRECTION('',(0.,0.,-1.));
#2367=DIRECTION('',(0.,0.,1.));
#2368=DIRECTION('',(1.,0.,0.));
#2369=DIRECTION('',(0.,0.,1.));
#2370=DIRECTION('',(1.,0.,0.));
#2371=DIRECTION('',(1.,6.93889390390722E-15,0.));
#2372=DIRECTION('',(-6.93889390390722E-15,1.,0.));
#2373=DIRECTION('',(0.,-1.,0.));
#2374=DIRECTION('',(0.,0.,-1.));
#2375=DIRECTION('',(0.,-1.,0.));
#2376=DIRECTION('',(0.,0.,-1.));
#2377=DIRECTION('',(1.,0.,0.));
#2378=DIRECTION('',(0.,0.,-1.));
#2379=DIRECTION('',(-1.,0.,0.));
#2380=DIRECTION('',(0.,0.,1.));
#2381=DIRECTION('',(-2.00160401074247E-16,0.,-1.));
#2382=DIRECTION('',(-1.,0.,2.00160401074247E-16));
#2383=DIRECTION('',(0.,0.,-1.));
#2384=DIRECTION('',(-1.,0.,0.));
#2385=DIRECTION('',(0.,-1.,0.));
#2386=DIRECTION('',(0.,0.,-1.));
#2387=DIRECTION('',(0.,-1.,0.));
#2388=DIRECTION('',(0.,0.,-1.));
#2389=DIRECTION('',(0.,0.,1.));
#2390=DIRECTION('',(1.,0.,0.));
#2391=DIRECTION('',(0.,0.,1.));
#2392=DIRECTION('',(1.,0.,0.));
#2393=DIRECTION('',(1.,0.,0.));
#2394=DIRECTION('',(0.,0.,-1.));
#2395=DIRECTION('',(1.,0.,0.));
#2396=DIRECTION('',(0.,0.,-1.));
#2397=DIRECTION('',(2.00160401074247E-16,0.,1.));
#2398=DIRECTION('',(1.,0.,-2.00160401074247E-16));
#2399=DIRECTION('',(0.,0.,-1.));
#2400=DIRECTION('',(-1.,0.,0.));
#2401=DIRECTION('',(-1.,0.,0.));
#2402=DIRECTION('',(0.,0.,1.));
#2403=DIRECTION('',(-1.,6.93889390390722E-15,0.));
#2404=DIRECTION('',(-6.93889390390722E-15,-1.,0.));
#2405=DIRECTION('',(-6.93889390390722E-15,-1.,0.));
#2406=DIRECTION('',(1.,-6.93889390390722E-15,0.));
#2407=DIRECTION('',(0.,-1.,0.));
#2408=DIRECTION('',(0.,0.,-1.));
#2409=DIRECTION('',(0.,1.,0.));
#2410=DIRECTION('',(0.,0.,1.));
#2411=DIRECTION('',(0.,1.,0.));
#2412=DIRECTION('',(0.,0.,1.));
#2413=DIRECTION('',(0.,-1.,0.));
#2414=DIRECTION('',(0.,0.,-1.));
#2415=DIRECTION('',(0.,-1.,0.));
#2416=DIRECTION('',(0.,0.,-1.));
#2417=DIRECTION('',(0.,0.,-1.));
#2418=DIRECTION('',(-1.,0.,0.));
#2419=DIRECTION('',(0.,-1.,0.));
#2420=DIRECTION('',(0.,0.,-1.));
#2421=DIRECTION('',(0.,-1.,0.));
#2422=DIRECTION('',(0.,0.,-1.));
#2423=DIRECTION('',(0.,0.,1.));
#2424=DIRECTION('',(1.,0.,0.));
#2425=DIRECTION('',(0.,0.,1.));
#2426=DIRECTION('',(1.,0.,0.));
#2427=DIRECTION('',(0.,-1.,0.));
#2428=DIRECTION('',(0.,0.,-1.));
#2429=DIRECTION('',(0.,-1.,0.));
#2430=DIRECTION('',(0.,0.,-1.));
#2431=DIRECTION('',(0.,-1.,0.));
#2432=DIRECTION('',(0.,0.,-1.));
#2433=DIRECTION('',(-1.,0.,0.));
#2434=DIRECTION('',(0.,0.,1.));
#2435=DIRECTION('',(0.,-1.,0.));
#2436=DIRECTION('',(0.,0.,-1.));
#2437=DIRECTION('',(0.,0.,-1.));
#2438=DIRECTION('',(-1.,0.,0.));
#2439=DIRECTION('',(1.,0.,0.));
#2440=DIRECTION('',(0.,0.,-1.));
#2441=DIRECTION('',(1.,0.,0.));
#2442=DIRECTION('',(0.,0.,-1.));
#2443=DIRECTION('',(0.,0.,-1.));
#2444=DIRECTION('',(-1.,0.,0.));
#2445=DIRECTION('',(0.,0.,1.));
#2446=DIRECTION('',(1.,0.,0.));
#2447=DIRECTION('',(0.,-1.,0.));
#2448=DIRECTION('',(0.,0.,-1.));
#2449=DIRECTION('',(0.,-1.,0.));
#2450=DIRECTION('',(0.,0.,-1.));
#2451=DIRECTION('',(0.,1.,0.));
#2452=DIRECTION('',(0.,0.,1.));
#2453=DIRECTION('',(0.,1.,0.));
#2454=DIRECTION('',(0.149462510186148,0.,-0.988767393297764));
#2455=DIRECTION('',(0.,1.,0.));
#2456=DIRECTION('',(0.,1.,0.));
#2457=DIRECTION('',(0.,0.,1.));
#2458=DIRECTION('',(0.,1.,0.));
#2459=DIRECTION('',(0.,1.,0.));
#2460=DIRECTION('',(0.,1.,0.));
#2461=DIRECTION('',(0.,1.,0.));
#2462=DIRECTION('',(0.,1.,0.));
#2463=DIRECTION('',(0.,1.,0.));
#2464=DIRECTION('',(0.,1.,0.));
#2465=DIRECTION('',(0.288381194485518,0.,-0.957515684815192));
#2466=DIRECTION('',(-0.957515684815192,0.,-0.288381194485518));
#2467=DIRECTION('',(0.,1.,0.));
#2468=DIRECTION('',(-0.957515684815192,0.,-0.288381194485518));
#2469=DIRECTION('',(0.,1.,0.));
#2470=DIRECTION('',(0.,1.,0.));
#2471=DIRECTION('',(0.,1.,0.));
#2472=DIRECTION('',(0.,1.,0.));
#2473=DIRECTION('',(0.,1.,0.));
#2474=DIRECTION('',(0.,1.,0.));
#2475=DIRECTION('',(0.,1.,0.));
#2476=DIRECTION('',(1.,0.,0.));
#2477=DIRECTION('',(0.,0.,-1.));
#2478=DIRECTION('',(0.,1.,0.));
#2479=DIRECTION('',(0.,0.,-1.));
#2480=DIRECTION('',(0.,0.,1.));
#2481=DIRECTION('',(1.,0.,0.));
#2482=DIRECTION('',(0.,1.,0.));
#2483=DIRECTION('',(1.,0.,0.));
#2484=DIRECTION('',(-1.,0.,0.));
#2485=DIRECTION('',(0.,0.,1.));
#2486=DIRECTION('',(0.,1.,0.));
#2487=DIRECTION('',(0.,0.,1.));
#2488=DIRECTION('',(0.,0.,-1.));
#2489=DIRECTION('',(-1.,0.,0.));
#2490=DIRECTION('',(0.,1.,0.));
#2491=DIRECTION('',(-1.,0.,0.));
#2492=DIRECTION('',(-1.,0.,0.));
#2493=DIRECTION('',(0.,0.,1.));
#2494=DIRECTION('',(0.,1.,0.));
#2495=DIRECTION('',(0.,0.,1.));
#2496=DIRECTION('',(0.,-1.,0.));
#2497=DIRECTION('',(1.,0.,0.));
#2498=DIRECTION('',(0.,1.,0.));
#2499=DIRECTION('',(0.,1.,0.));
#2500=DIRECTION('',(0.,1.,0.));
#2501=DIRECTION('',(0.,1.,0.));
#2502=DIRECTION('',(0.828894664763046,0.,0.559404714609519));
#2503=DIRECTION('',(0.,1.,0.));
#2504=DIRECTION('',(0.,1.,0.));
#2505=DIRECTION('',(0.,0.,1.));
#2506=DIRECTION('',(0.,1.,0.));
#2507=DIRECTION('',(0.,1.,0.));
#2508=DIRECTION('',(0.,1.,0.));
#2509=DIRECTION('',(0.,1.,0.));
#2510=DIRECTION('',(0.,1.,0.));
#2511=DIRECTION('',(0.,1.,0.));
#2512=DIRECTION('',(0.,1.,0.));
#2513=DIRECTION('',(0.,1.,0.));
#2514=DIRECTION('',(0.135212118921086,0.,-0.990816674716807));
#2515=DIRECTION('',(-0.990816674716807,0.,-0.135212118921086));
#2516=DIRECTION('',(0.,1.,0.));
#2517=DIRECTION('',(-0.990816674716807,0.,-0.135212118921086));
#2518=DIRECTION('',(0.,1.,0.));
#2519=DIRECTION('',(0.,1.,0.));
#2520=DIRECTION('',(0.,1.,0.));
#2521=DIRECTION('',(0.,1.,0.));
#2522=DIRECTION('',(0.,1.,0.));
#2523=DIRECTION('',(0.,1.,0.));
#2524=DIRECTION('',(0.,1.,0.));
#2525=DIRECTION('',(-0.656029119860702,0.,-0.754735578792197));
#2526=DIRECTION('',(0.,1.,0.));
#2527=DIRECTION('',(0.,1.,0.));
#2528=DIRECTION('',(0.,0.,1.));
#2529=DIRECTION('',(0.,1.,0.));
#2530=DIRECTION('',(0.,1.,0.));
#2531=DIRECTION('',(0.,1.,0.));
#2532=DIRECTION('',(0.,1.,0.));
#2533=DIRECTION('',(0.,1.,0.));
#2534=DIRECTION('',(0.,1.,0.));
#2535=DIRECTION('',(0.,1.,0.));
#2536=DIRECTION('',(0.,1.,0.));
#2537=DIRECTION('',(-0.162782612735326,0.,0.986661958824328));
#2538=DIRECTION('',(0.986661958824328,0.,0.162782612735326));
#2539=DIRECTION('',(0.,1.,0.));
#2540=DIRECTION('',(0.986661958824328,0.,0.162782612735326));
#2541=DIRECTION('',(0.,1.,0.));
#2542=DIRECTION('',(0.,1.,0.));
#2543=DIRECTION('',(0.,-1.,0.));
#2544=DIRECTION('',(1.,0.,0.));
#2545=DIRECTION('',(0.,1.,0.));
#2546=DIRECTION('',(0.,1.,0.));
#2547=DIRECTION('',(0.,1.,0.));
#2548=DIRECTION('',(0.,1.,0.));
#2549=DIRECTION('',(0.,0.,1.));
#2550=DIRECTION('',(1.,0.,0.));
#2551=DIRECTION('',(1.,0.,0.));
#2552=DIRECTION('',(0.,1.,0.));
#2553=DIRECTION('',(1.,0.,0.));
#2554=DIRECTION('',(1.,0.,0.));
#2555=DIRECTION('',(0.,0.,-1.));
#2556=DIRECTION('',(0.,0.,-1.));
#2557=DIRECTION('',(0.,1.,0.));
#2558=DIRECTION('',(0.,0.,-1.));
#2559=DIRECTION('',(0.,0.,-1.));
#2560=DIRECTION('',(-1.,0.,0.));
#2561=DIRECTION('',(-1.,0.,0.));
#2562=DIRECTION('',(0.,1.,0.));
#2563=DIRECTION('',(-1.,0.,0.));
#2564=DIRECTION('',(0.,1.,0.));
#2565=DIRECTION('',(0.,1.,0.));
#2566=DIRECTION('',(0.,1.,0.));
#2567=DIRECTION('',(0.,1.,0.));
#2568=DIRECTION('',(0.,0.,1.));
#2569=DIRECTION('',(1.,0.,0.));
#2570=DIRECTION('',(0.,1.,0.));
#2571=DIRECTION('',(1.,0.,0.));
#2572=DIRECTION('',(-1.,0.,0.));
#2573=DIRECTION('',(0.,0.,1.));
#2574=DIRECTION('',(0.,1.,0.));
#2575=DIRECTION('',(0.,0.,1.));
#2576=DIRECTION('',(0.,0.,-1.));
#2577=DIRECTION('',(-1.,0.,0.));
#2578=DIRECTION('',(0.,1.,0.));
#2579=DIRECTION('',(-1.,0.,0.));
#2580=DIRECTION('',(0.,1.,0.));
#2581=DIRECTION('',(0.,-1.,0.));
#2582=DIRECTION('',(1.,0.,0.));
#2583=DIRECTION('',(0.,-1.,0.));
#2584=DIRECTION('',(1.,0.,0.));
#2585=CARTESIAN_POINT('',(0.,0.,0.));
#2586=CARTESIAN_POINT('',(0.,-0.023,0.));
#2587=CARTESIAN_POINT('',(-0.0134780109226789,-0.023,-0.0360246506955154));
#2588=CARTESIAN_POINT('',(-0.0134780109226789,-0.023,-0.0395480769674326));
#2589=CARTESIAN_POINT('',(-0.0148594423684967,-0.023,-0.0421738314945955));
#2590=CARTESIAN_POINT('',(-0.0134780109226789,-0.023,-0.0360246506955154));
#2591=CARTESIAN_POINT('',(-0.0148594423684967,-0.023,-0.0421738314945955));
#2592=CARTESIAN_POINT('',(-0.0148594423684967,-0.023,-0.0421738314945955));
#2593=CARTESIAN_POINT('',(-0.0162408738143145,-0.023,-0.0447995860217586));
#2594=CARTESIAN_POINT('',(-0.0187709111813739,-0.023,-0.0461913652686686));
#2595=CARTESIAN_POINT('',(-0.0187709111813739,-0.023,-0.0461913652686686));
#2596=CARTESIAN_POINT('',(-0.0187709111813739,-0.023,-0.0461913652686686));
#2597=CARTESIAN_POINT('',(-0.0213009485484334,-0.023,-0.0475831445155786));
#2598=CARTESIAN_POINT('',(-0.0245708536935902,-0.023,-0.0475831445155786));
#2599=CARTESIAN_POINT('',(-0.0245708536935902,-0.023,-0.0475831445155786));
#2600=CARTESIAN_POINT('',(-0.0291782121299224,-0.023,-0.0475831445155786));
#2601=CARTESIAN_POINT('',(-0.0337855705662547,-0.023,-0.0475831445155786));
#2602=CARTESIAN_POINT('',(-0.0337855705662547,-0.023,-0.0361928024632647));
#2603=CARTESIAN_POINT('',(-0.0337855705662547,-0.023,-0.0248024604109509));
#2604=CARTESIAN_POINT('',(-0.0296619718309859,-0.023,-0.0248024604109509));
#2605=CARTESIAN_POINT('',(-0.0255383730957172,-0.023,-0.0248024604109509));
#2606=CARTESIAN_POINT('',(-0.0255383730957172,-0.023,-0.0248024604109509));
#2607=CARTESIAN_POINT('',(-0.0197849956884163,-0.023,-0.0248024604109509));
#2608=CARTESIAN_POINT('',(-0.0166315033055476,-0.023,-0.027705018617332));
#2609=CARTESIAN_POINT('',(-0.0166315033055476,-0.023,-0.027705018617332));
#2610=CARTESIAN_POINT('',(-0.0166315033055476,-0.023,-0.027705018617332));
#2611=CARTESIAN_POINT('',(-0.0134780109226789,-0.023,-0.0306075768237132));
#2612=CARTESIAN_POINT('',(-0.0134780109226789,-0.023,-0.0360246506955154));
#2613=CARTESIAN_POINT('',(0.00870767461914342,-0.023,-0.0410174647225346));
#2614=CARTESIAN_POINT('',(0.00870767461914342,-0.023,-0.0443649783758833));
#2615=CARTESIAN_POINT('',(0.00622420235699913,-0.023,-0.0461370393129342));
#2616=CARTESIAN_POINT('',(0.00870767461914342,-0.023,-0.0410174647225346));
#2617=CARTESIAN_POINT('',(0.00622420235699913,-0.023,-0.0461370393129342));
#2618=CARTESIAN_POINT('',(0.00622420235699913,-0.023,-0.0461370393129342));
#2619=CARTESIAN_POINT('',(0.00374073009485483,-0.023,-0.0479091002499851));
#2620=CARTESIAN_POINT('',(-0.00106064961195747,-0.023,-0.0479091002499851));
#2621=CARTESIAN_POINT('',(-0.00106064961195747,-0.023,-0.0479091002499851));
#2622=CARTESIAN_POINT('',(-0.00106064961195747,-0.023,-0.0479091002499851));
#2623=CARTESIAN_POINT('',(-0.00544294337453292,-0.023,-0.0479091002499851));
#2624=CARTESIAN_POINT('',(-0.00793158953722335,-0.023,-0.0463543431358718));
#2625=CARTESIAN_POINT('',(-0.00793158953722335,-0.023,-0.0463543431358718));
#2626=CARTESIAN_POINT('',(-0.00793158953722335,-0.023,-0.0463543431358718));
#2627=CARTESIAN_POINT('',(-0.0104202356999138,-0.023,-0.0447995860217586));
#2628=CARTESIAN_POINT('',(-0.0111342339752803,-0.023,-0.0416486805891629));
#2629=CARTESIAN_POINT('',(-0.0111342339752803,-0.023,-0.0416486805891629));
#2630=CARTESIAN_POINT('',(-0.00882926128197759,-0.023,-0.0412683988990222));
#2631=CARTESIAN_POINT('',(-0.00652428858867492,-0.023,-0.0408881172088813));
#2632=CARTESIAN_POINT('',(-0.00652428858867492,-0.023,-0.0408881172088813));
#2633=CARTESIAN_POINT('',(-0.00605346363897673,-0.023,-0.0426989824000282));
#2634=CARTESIAN_POINT('',(-0.00469531474561657,-0.023,-0.0435164586863174));
#2635=CARTESIAN_POINT('',(-0.00469531474561657,-0.023,-0.0435164586863174));
#2636=CARTESIAN_POINT('',(-0.00469531474561657,-0.023,-0.0435164586863174));
#2637=CARTESIAN_POINT('',(-0.00333716585225641,-0.023,-0.0443339349726065));
#2638=CARTESIAN_POINT('',(-0.000931302098304117,-0.023,-0.0443339349726065));
#2639=CARTESIAN_POINT('',(-0.000931302098304117,-0.023,-0.0443339349726065));
#2640=CARTESIAN_POINT('',(-0.000931302098304117,-0.023,-0.0443339349726065));
#2641=CARTESIAN_POINT('',(0.00406668582926127,-0.023,-0.0443339349726065));
#2642=CARTESIAN_POINT('',(0.00406668582926127,-0.023,-0.0412916814514798));
#2643=CARTESIAN_POINT('',(0.00406668582926127,-0.023,-0.0412916814514798));
#2644=CARTESIAN_POINT('',(0.00406668582926127,-0.023,-0.0412916814514798));
#2645=CARTESIAN_POINT('',(0.00406668582926127,-0.023,-0.0403241620493527));
#2646=CARTESIAN_POINT('',(0.0034923828686404,-0.023,-0.0396929461827243));
#2647=CARTESIAN_POINT('',(0.0034923828686404,-0.023,-0.0396929461827243));
#2648=CARTESIAN_POINT('',(0.0034923828686404,-0.023,-0.0396929461827243));
#2649=CARTESIAN_POINT('',(0.00291807990801954,-0.023,-0.039061730316096));
#2650=CARTESIAN_POINT('',(0.00187553894797355,-0.023,-0.0386426443718592));
#2651=CARTESIAN_POINT('',(0.00187553894797355,-0.023,-0.0386426443718592));
#2652=CARTESIAN_POINT('',(0.00187553894797355,-0.023,-0.0386426443718592));
#2653=CARTESIAN_POINT('',(0.000832997987927554,-0.023,-0.0382235584276223));
#2654=CARTESIAN_POINT('',(-0.00212647312446107,-0.023,-0.0376233859642707));
#2655=CARTESIAN_POINT('',(-0.00212647312446107,-0.023,-0.0376233859642707));
#2656=CARTESIAN_POINT('',(-0.00212647312446107,-0.023,-0.0376233859642707));
#2657=CARTESIAN_POINT('',(-0.00468237999425123,-0.023,-0.0370232135009192));
#2658=CARTESIAN_POINT('',(-0.00568352974992815,-0.023,-0.0366610404626899));
#2659=CARTESIAN_POINT('',(-0.00568352974992815,-0.023,-0.0366610404626899));
#2660=CARTESIAN_POINT('',(-0.00568352974992815,-0.023,-0.0366610404626899));
#2661=CARTESIAN_POINT('',(-0.00668467950560507,-0.023,-0.0362988674244604));
#2662=CARTESIAN_POINT('',(-0.00749439494107503,-0.023,-0.0358047599223047));
#2663=CARTESIAN_POINT('',(-0.00749439494107503,-0.023,-0.0358047599223047));
#2664=CARTESIAN_POINT('',(-0.00476119278205455,-0.023,-0.0312549045705885));
#2665=CARTESIAN_POINT('',(-0.0088680655360736,-0.023,-0.0346147627966939));
#2666=CARTESIAN_POINT('',(-0.0088680655360736,-0.023,-0.0346147627966939));
#2667=CARTESIAN_POINT('',(-0.0094320206956022,-0.023,-0.0339188731732388));
#2668=CARTESIAN_POINT('',(-0.00974762862891637,-0.023,-0.0329823971743886));
#2669=CARTESIAN_POINT('',(-0.00974762862891637,-0.023,-0.0329823971743886));
#2670=CARTESIAN_POINT('',(-0.00974762862891637,-0.023,-0.0329823971743886));
#2671=CARTESIAN_POINT('',(-0.0100632365622305,-0.023,-0.0320459211755384));
#2672=CARTESIAN_POINT('',(-0.0100632365622305,-0.023,-0.0308300545471969));
#2673=CARTESIAN_POINT('',(-0.0100632365622305,-0.023,-0.0308300545471969));
#2674=CARTESIAN_POINT('',(-0.0100632365622305,-0.023,-0.0308300545471969));
#2675=CARTESIAN_POINT('',(-0.0100632365622305,-0.023,-0.0277464098217011));
#2676=CARTESIAN_POINT('',(-0.00774274216728946,-0.023,-0.0261036963983035));
#2677=CARTESIAN_POINT('',(-0.00774274216728946,-0.023,-0.0261036963983035));
#2678=CARTESIAN_POINT('',(-0.00774274216728946,-0.023,-0.0261036963983035));
#2679=CARTESIAN_POINT('',(-0.00542224777234839,-0.023,-0.024460982974906));
#2680=CARTESIAN_POINT('',(-0.000993388904857728,-0.023,-0.024460982974906));
#2681=CARTESIAN_POINT('',(-0.000993388904857728,-0.023,-0.024460982974906));
#2682=CARTESIAN_POINT('',(-0.000993388904857728,-0.023,-0.024460982974906));
#2683=CARTESIAN_POINT('',(0.00324403564242598,-0.023,-0.024460982974906));
#2684=CARTESIAN_POINT('',(0.00536792181661396,-0.023,-0.0257880884649893));
#2685=CARTESIAN_POINT('',(0.00536792181661396,-0.023,-0.0257880884649893));
#2686=CARTESIAN_POINT('',(0.00536792181661396,-0.023,-0.0257880884649893));
#2687=CARTESIAN_POINT('',(0.00749180799080195,-0.023,-0.0271151939550727));
#2688=CARTESIAN_POINT('',(0.00810750215579189,-0.023,-0.0301677952772917));
#2689=CARTESIAN_POINT('',(0.00810750215579189,-0.023,-0.0301677952772917));
#2690=CARTESIAN_POINT('',(0.00579476861167001,-0.023,-0.0304834032106059));
#2691=CARTESIAN_POINT('',(0.00348203506754813,-0.023,-0.0307990111439201));
#2692=CARTESIAN_POINT('',(0.00348203506754813,-0.023,-0.0307990111439201));
#2693=CARTESIAN_POINT('',(0.00313020983041102,-0.023,-0.029329623388818));
#2694=CARTESIAN_POINT('',(0.00203851681517676,-0.023,-0.0285845817101748));
#2695=CARTESIAN_POINT('',(0.00203851681517676,-0.023,-0.0285845817101748));
#2696=CARTESIAN_POINT('',(0.00203851681517676,-0.023,-0.0285845817101748));
#2697=CARTESIAN_POINT('',(0.000946823799942501,-0.023,-0.0278395400315315));
#2698=CARTESIAN_POINT('',(-0.00109169301523427,-0.023,-0.0278395400315315));
#2699=CARTESIAN_POINT('',(-0.00109169301523427,-0.023,-0.0278395400315315));
#2700=CARTESIAN_POINT('',(-0.00109169301523427,-0.023,-0.0278395400315315));
#2701=CARTESIAN_POINT('',(-0.00542224777234839,-0.023,-0.0278395400315315));
#2702=CARTESIAN_POINT('',(-0.00542224777234839,-0.023,-0.0305558378182518));
#2703=CARTESIAN_POINT('',(-0.00542224777234839,-0.023,-0.0305558378182518));
#2704=CARTESIAN_POINT('',(-0.00542224777234839,-0.023,-0.0305558378182518));
#2705=CARTESIAN_POINT('',(-0.00542224777234839,-0.023,-0.0314457487121868));
#2706=CARTESIAN_POINT('',(-0.00496177062374247,-0.023,-0.0320122908219885));
#2707=CARTESIAN_POINT('',(-0.00496177062374247,-0.023,-0.0320122908219885));
#2708=CARTESIAN_POINT('',(-0.00496177062374247,-0.023,-0.0320122908219885));
#2709=CARTESIAN_POINT('',(-0.00450129347513655,-0.023,-0.0325788329317901));
#2710=CARTESIAN_POINT('',(-0.0035958608795631,-0.023,-0.0329746363235694));
#2711=CARTESIAN_POINT('',(-0.0035958608795631,-0.023,-0.0329746363235694));
#2712=CARTESIAN_POINT('',(-0.0035958608795631,-0.023,-0.0329746363235694));
#2713=CARTESIAN_POINT('',(-0.00269042828398966,-0.023,-0.0333704397153487));
#2714=CARTESIAN_POINT('',(7.24346076458673E-5,-0.023,-0.0339706121787002));
#2715=CARTESIAN_POINT('',(7.24346076458673E-5,-0.023,-0.0339706121787002));
#2716=CARTESIAN_POINT('',(7.24346076458673E-5,-0.023,-0.0339706121787002));
#2717=CARTESIAN_POINT('',(0.00335268755389479,-0.023,-0.0346639148518822));
#2718=CARTESIAN_POINT('',(0.00476774935326242,-0.023,-0.0352537395141414));
#2719=CARTESIAN_POINT('',(0.00476774935326242,-0.023,-0.0352537395141414));
#2720=CARTESIAN_POINT('',(0.00476774935326242,-0.023,-0.0352537395141414));
#2721=CARTESIAN_POINT('',(0.00618281115263006,-0.023,-0.0358435641764007));
#2722=CARTESIAN_POINT('',(0.00700804828973842,-0.023,-0.03662741010914));
#2723=CARTESIAN_POINT('',(0.00700804828973842,-0.023,-0.03662741010914));
#2724=CARTESIAN_POINT('',(0.00339803876835251,-0.023,-0.0404160080223616));
#2725=CARTESIAN_POINT('',(0.00827048002299511,-0.023,-0.0385029490571136));
#2726=CARTESIAN_POINT('',(0.00827048002299511,-0.023,-0.0385029490571136));
#2727=CARTESIAN_POINT('',(0.00870767461914342,-0.023,-0.0395946420723478));
#2728=CARTESIAN_POINT('',(0.00870767461914342,-0.023,-0.0410174647225346));
#2729=CARTESIAN_POINT('',(0.0230617867686471,-0.023,-0.0321163620936709));
#2730=CARTESIAN_POINT('',(0.0230342052313884,-0.023,-0.0441735440556764));
#2731=CARTESIAN_POINT('',(0.0266378269617707,-0.023,-0.0436302844983322));
#2732=CARTESIAN_POINT('',(0.0266378269617707,-0.023,-0.0436302844983322));
#2733=CARTESIAN_POINT('',(0.0283840183960909,-0.023,-0.0430870249409882));
#2734=CARTESIAN_POINT('',(0.0293411899971256,-0.023,-0.0422488530525145));
#2735=CARTESIAN_POINT('',(0.0293411899971256,-0.023,-0.0422488530525145));
#2736=CARTESIAN_POINT('',(0.0293411899971256,-0.023,-0.0406708133859436));
#2737=CARTESIAN_POINT('',(0.0293411899971256,-0.023,-0.0390927737193728));
#2738=CARTESIAN_POINT('',(0.0265602184535786,-0.023,-0.0390927737193728));
#2739=CARTESIAN_POINT('',(0.0237792469100316,-0.023,-0.0390927737193728));
#2740=CARTESIAN_POINT('',(0.0237792469100316,-0.023,-0.0373310605834142));
#2741=CARTESIAN_POINT('',(0.0237792469100316,-0.023,-0.0355693474474556));
#2742=CARTESIAN_POINT('',(0.028741017533774,-0.023,-0.0355693474474556));
#2743=CARTESIAN_POINT('',(0.0337027881575165,-0.023,-0.0355693474474556));
#2744=CARTESIAN_POINT('',(0.0337027881575165,-0.023,-0.039757619939551));
#2745=CARTESIAN_POINT('',(0.0337027881575165,-0.023,-0.0439458924316464));
#2746=CARTESIAN_POINT('',(0.0337027881575165,-0.023,-0.0439458924316464));
#2747=CARTESIAN_POINT('',(0.0318919229663697,-0.023,-0.0458033227277085));
#2748=CARTESIAN_POINT('',(0.0289893647599885,-0.023,-0.0468562114888468));
#2749=CARTESIAN_POINT('',(0.0289893647599885,-0.023,-0.0468562114888468));
#2750=CARTESIAN_POINT('',(0.0289893647599885,-0.023,-0.0468562114888468));
#2751=CARTESIAN_POINT('',(0.0260868065536074,-0.023,-0.0479091002499851));
#2752=CARTESIAN_POINT('',(0.022904857717735,-0.023,-0.0479091002499851));
#2753=CARTESIAN_POINT('',(0.022904857717735,-0.023,-0.0479091002499851));
#2754=CARTESIAN_POINT('',(0.022904857717735,-0.023,-0.0479091002499851));
#2755=CARTESIAN_POINT('',(0.017342914630641,-0.023,-0.0479091002499851));
#2756=CARTESIAN_POINT('',(0.0143524001149756,-0.023,-0.0448280424747623));
#2757=CARTESIAN_POINT('',(0.0143524001149756,-0.023,-0.0448280424747623));
#2758=CARTESIAN_POINT('',(0.0143524001149756,-0.023,-0.0448280424747623));
#2759=CARTESIAN_POINT('',(0.0113618855993101,-0.023,-0.0417469846995395));
#2760=CARTESIAN_POINT('',(0.0113618855993101,-0.023,-0.036086737502069));
#2761=CARTESIAN_POINT('',(0.0113618855993101,-0.023,-0.036086737502069));
#2762=CARTESIAN_POINT('',(0.0113618855993101,-0.023,-0.036086737502069));
#2763=CARTESIAN_POINT('',(0.0113618855993101,-0.023,-0.0304627076084214));
#2764=CARTESIAN_POINT('',(0.014367921816614,-0.023,-0.0274618452916637));
#2765=CARTESIAN_POINT('',(0.014367921816614,-0.023,-0.0274618452916637));
#2766=CARTESIAN_POINT('',(0.014367921816614,-0.023,-0.0274618452916637));
#2767=CARTESIAN_POINT('',(0.0173739580339178,-0.023,-0.024460982974906));
#2768=CARTESIAN_POINT('',(0.02301868352975,-0.023,-0.024460982974906));
#2769=CARTESIAN_POINT('',(0.02301868352975,-0.023,-0.024460982974906));
#2770=CARTESIAN_POINT('',(0.02301868352975,-0.023,-0.024460982974906));
#2771=CARTESIAN_POINT('',(0.0310382293762575,-0.023,-0.024460982974906));
#2772=CARTESIAN_POINT('',(0.0332216154067261,-0.023,-0.0303954469013217));
#2773=CARTESIAN_POINT('',(0.0332216154067261,-0.023,-0.0303954469013217));
#2774=CARTESIAN_POINT('',(0.0310227076746192,-0.023,-0.0310577061712268));
#2775=CARTESIAN_POINT('',(0.0288237999425122,-0.023,-0.031719965441132));
#2776=CARTESIAN_POINT('',(0.0288237999425122,-0.023,-0.031719965441132));
#2777=CARTESIAN_POINT('',(0.0281098016671458,-0.023,-0.0299918826587232));
#2778=CARTESIAN_POINT('',(0.0265912618568554,-0.023,-0.0291019717647882));
#2779=CARTESIAN_POINT('',(0.0265912618568554,-0.023,-0.0291019717647882));
#2780=CARTESIAN_POINT('',(0.0265912618568554,-0.023,-0.0291019717647882));
#2781=CARTESIAN_POINT('',(0.0250727220465651,-0.023,-0.0282120608708531));
#2782=CARTESIAN_POINT('',(0.02301868352975,-0.023,-0.0282120608708531));
#2783=CARTESIAN_POINT('',(0.02301868352975,-0.023,-0.0282120608708531));
#2784=CARTESIAN_POINT('',(0.02301868352975,-0.023,-0.0282120608708531));
#2785=CARTESIAN_POINT('',(0.0196556481747629,-0.023,-0.0282120608708531));
#2786=CARTESIAN_POINT('',(0.0179094567404426,-0.023,-0.0302505776860299));
#2787=CARTESIAN_POINT('',(0.0179094567404426,-0.023,-0.0302505776860299));
#2788=CARTESIAN_POINT('',(0.0179094567404426,-0.023,-0.0302505776860299));
#2789=CARTESIAN_POINT('',(0.0161632653061224,-0.023,-0.0322890945012066));
#2790=CARTESIAN_POINT('',(0.0161632653061224,-0.023,-0.036086737502069));
#2791=CARTESIAN_POINT('',(0.0161632653061224,-0.023,-0.036086737502069));
#2792=CARTESIAN_POINT('',(0.0161632653061224,-0.023,-0.036086737502069));
#2793=CARTESIAN_POINT('',(0.0161632653061224,-0.023,-0.0399516412100311));
#2794=CARTESIAN_POINT('',(0.0179663696464501,-0.023,-0.0420625926328537));
#2795=CARTESIAN_POINT('',(0.0179663696464501,-0.023,-0.0420625926328537));
#2796=CARTESIAN_POINT('',(0.0179663696464501,-0.023,-0.0420625926328537));
#2797=CARTESIAN_POINT('',(0.0197694739867778,-0.023,-0.0441735440556764));
#2798=CARTESIAN_POINT('',(0.0230342052313884,-0.023,-0.0441735440556764));
#2799=CARTESIAN_POINT('',(-0.036,-0.023,-0.052));
#2800=CARTESIAN_POINT('',(-0.036,-0.023,0.051));
#2801=CARTESIAN_POINT('',(-0.036,-0.023,-0.051));
#2802=CARTESIAN_POINT('',(0.037,-0.023,-0.051));
#2803=CARTESIAN_POINT('',(0.036,-0.023,-0.051));
#2804=CARTESIAN_POINT('',(0.036,-0.023,-7.20577443867289E-18));
#2805=CARTESIAN_POINT('',(0.036,-0.023,0.051));
#2806=CARTESIAN_POINT('',(0.,-0.023,0.051));
#2807=CARTESIAN_POINT('',(0.0342286767661571,-0.023,0.));
#2808=CARTESIAN_POINT('',(0.0342286767661571,-0.023,0.0467596446871758));
#2809=CARTESIAN_POINT('',(0.0342286767661571,-0.023,-0.0172968508452177));
#2810=CARTESIAN_POINT('',(0.0322286767661571,-0.023,-0.0172968508452177));
#2811=CARTESIAN_POINT('',(0.0322286767661571,-0.023,-0.0192968508452177));
#2812=CARTESIAN_POINT('',(-0.0332651250064374,-0.023,-0.0192968508452177));
#2813=CARTESIAN_POINT('',(-0.0322651250064373,-0.023,-0.0192968508452177));
#2814=CARTESIAN_POINT('',(-0.0322651250064373,-0.023,-0.0172968508452177));
#2815=CARTESIAN_POINT('',(-0.0342651250064374,-0.023,-0.0172968508452177));
#2816=CARTESIAN_POINT('',(-0.0342651250064374,-0.023,0.0477596446871758));
#2817=CARTESIAN_POINT('',(-0.0342651250064374,-0.023,0.0467596446871758));
#2818=CARTESIAN_POINT('',(-0.0322651250064373,-0.023,0.0467596446871758));
#2819=CARTESIAN_POINT('',(-0.0322651250064373,-0.023,0.0487596446871758));
#2820=CARTESIAN_POINT('',(0.,-0.023,0.0487596446871758));
#2821=CARTESIAN_POINT('',(0.0322286767661571,-0.023,0.0487596446871758));
#2822=CARTESIAN_POINT('',(0.0322286767661571,-0.023,0.0467596446871758));
#2823=CARTESIAN_POINT('',(-0.037,-0.02,0.));
#2824=CARTESIAN_POINT('',(-0.037,-0.02,0.));
#2825=CARTESIAN_POINT('',(-0.037,-0.02,0.051));
#2826=CARTESIAN_POINT('',(-0.037,-0.02,-0.051));
#2827=CARTESIAN_POINT('',(-0.037,-0.02,-0.051));
#2828=CARTESIAN_POINT('',(-0.037,-0.022,-0.051));
#2829=CARTESIAN_POINT('',(-0.037,-0.022,0.052));
#2830=CARTESIAN_POINT('',(-0.037,-0.022,0.051));
#2831=CARTESIAN_POINT('',(-0.037,-0.02,0.051));
#2832=CARTESIAN_POINT('',(6.93889390390723E-18,-0.02,0.052));
#2833=CARTESIAN_POINT('',(6.93889390390723E-18,-0.022,0.052));
#2834=CARTESIAN_POINT('',(-0.036,-0.022,0.052));
#2835=CARTESIAN_POINT('',(0.036,-0.022,0.052));
#2836=CARTESIAN_POINT('',(0.036,-0.02,0.052));
#2837=CARTESIAN_POINT('',(0.036,-0.02,0.052));
#2838=CARTESIAN_POINT('',(6.93889390390723E-18,-0.02,0.052));
#2839=CARTESIAN_POINT('',(-0.036,-0.02,0.052));
#2840=CARTESIAN_POINT('',(-0.036,-0.023,0.052));
#2841=CARTESIAN_POINT('',(-1.38777878078145E-17,-0.02,-0.052));
#2842=CARTESIAN_POINT('',(-0.037,-0.022,-0.052));
#2843=CARTESIAN_POINT('',(0.036,-0.022,-0.052));
#2844=CARTESIAN_POINT('',(-0.036,-0.022,-0.052));
#2845=CARTESIAN_POINT('',(-0.036,-0.02,-0.052));
#2846=CARTESIAN_POINT('',(-0.036,-0.02,-0.052));
#2847=CARTESIAN_POINT('',(-1.38777878078145E-17,-0.02,-0.052));
#2848=CARTESIAN_POINT('',(0.036,-0.02,-0.052));
#2849=CARTESIAN_POINT('',(0.036,-0.023,-0.052));
#2850=CARTESIAN_POINT('',(0.037,-0.02,0.));
#2851=CARTESIAN_POINT('',(0.037,-0.022,0.));
#2852=CARTESIAN_POINT('',(0.037,-0.022,0.051));
#2853=CARTESIAN_POINT('',(0.037,-0.022,-0.051));
#2854=CARTESIAN_POINT('',(0.037,-0.02,-0.051));
#2855=CARTESIAN_POINT('',(0.037,-0.02,-0.051));
#2856=CARTESIAN_POINT('',(0.037,-0.02,0.));
#2857=CARTESIAN_POINT('',(0.037,-0.02,0.051));
#2858=CARTESIAN_POINT('',(0.037,-0.02,0.051));
#2859=CARTESIAN_POINT('',(0.,-0.02,0.));
#2860=CARTESIAN_POINT('',(0.034,-0.02,0.));
#2861=CARTESIAN_POINT('',(0.034,-0.02,0.0485));
#2862=CARTESIAN_POINT('',(0.034,-0.02,-0.0485));
#2863=CARTESIAN_POINT('',(-6.93889390390723E-18,-0.02,0.0485));
#2864=CARTESIAN_POINT('',(-0.034,-0.02,0.0485));
#2865=CARTESIAN_POINT('',(-0.034,-0.02,0.));
#2866=CARTESIAN_POINT('',(-0.034,-0.02,-0.0485));
#2867=CARTESIAN_POINT('',(6.93889390390723E-18,-0.02,-0.0485));
#2868=CARTESIAN_POINT('',(-0.036,-0.02,-0.051));
#2869=CARTESIAN_POINT('',(-0.036,-0.02,0.051));
#2870=CARTESIAN_POINT('',(0.036,-0.02,0.051));
#2871=CARTESIAN_POINT('',(0.036,-0.02,-0.051));
#2872=CARTESIAN_POINT('',(-6.93889390390723E-18,-0.018,0.0485));
#2873=CARTESIAN_POINT('',(0.034,-0.018,0.0485));
#2874=CARTESIAN_POINT('',(0.034,-0.018,0.0485));
#2875=CARTESIAN_POINT('',(-6.93889390390723E-18,-0.018,0.0485));
#2876=CARTESIAN_POINT('',(-0.034,-0.018,0.0485));
#2877=CARTESIAN_POINT('',(-0.034,-0.018,0.0485));
#2878=CARTESIAN_POINT('',(0.034,-0.018,0.));
#2879=CARTESIAN_POINT('',(0.034,-0.018,-0.0485));
#2880=CARTESIAN_POINT('',(0.034,-0.018,-0.0485));
#2881=CARTESIAN_POINT('',(0.034,-0.018,0.));
#2882=CARTESIAN_POINT('',(6.93889390390723E-18,-0.018,-0.0485));
#2883=CARTESIAN_POINT('',(-0.034,-0.018,-0.0485));
#2884=CARTESIAN_POINT('',(-0.034,-0.018,-0.0485));
#2885=CARTESIAN_POINT('',(6.93889390390723E-18,-0.018,-0.0485));
#2886=CARTESIAN_POINT('',(6.93889390390723E-18,-0.018,-0.047));
#2887=CARTESIAN_POINT('',(6.93889390390723E-18,-0.02,-0.047));
#2888=CARTESIAN_POINT('',(0.0325,-0.02,-0.047));
#2889=CARTESIAN_POINT('',(-0.0325,-0.02,-0.047));
#2890=CARTESIAN_POINT('',(0.0325,-0.018,-0.047));
#2891=CARTESIAN_POINT('',(0.0325,-0.018,-0.047));
#2892=CARTESIAN_POINT('',(6.93889390390723E-18,-0.018,-0.047));
#2893=CARTESIAN_POINT('',(-0.0325,-0.018,-0.047));
#2894=CARTESIAN_POINT('',(-0.0325,-0.018,-0.047));
#2895=CARTESIAN_POINT('',(0.0325,-0.018,0.));
#2896=CARTESIAN_POINT('',(0.0325,-0.02,0.));
#2897=CARTESIAN_POINT('',(0.0325,-0.02,-0.0232968508452177));
#2898=CARTESIAN_POINT('',(0.0325,-0.018,-0.0232968508452177));
#2899=CARTESIAN_POINT('',(0.0325,-0.018,-0.0232968508452177));
#2900=CARTESIAN_POINT('',(0.0325,-0.018,0.));
#2901=CARTESIAN_POINT('',(-0.0325,-0.018,0.));
#2902=CARTESIAN_POINT('',(-0.0325,-0.018,0.));
#2903=CARTESIAN_POINT('',(-0.0325,-0.018,-0.0232968508452177));
#2904=CARTESIAN_POINT('',(-0.0325,-0.018,-0.0232968508452177));
#2905=CARTESIAN_POINT('',(-0.0325,-0.02,-0.0232968508452177));
#2906=CARTESIAN_POINT('',(-0.0325,-0.02,0.));
#2907=CARTESIAN_POINT('',(-0.034,-0.018,0.));
#2908=CARTESIAN_POINT('',(-0.034,-0.018,0.));
#2909=CARTESIAN_POINT('',(0.,-0.018,0.));
#2910=CARTESIAN_POINT('',(0.0278984254226089,-0.018,-0.0278984254226088));
#2911=CARTESIAN_POINT('',(0.0332286767661571,-0.018,-0.0225681740790607));
#2912=CARTESIAN_POINT('',(0.0332286767661571,-0.018,0.));
#2913=CARTESIAN_POINT('',(0.0332286767661571,-0.018,0.0467596446871758));
#2914=CARTESIAN_POINT('',(0.0322286767661571,-0.018,0.0467596446871758));
#2915=CARTESIAN_POINT('',(0.0322286767661571,-0.018,0.0477596446871758));
#2916=CARTESIAN_POINT('',(0.,-0.018,0.0477596446871758));
#2917=CARTESIAN_POINT('',(-0.0322651250064373,-0.018,0.0477596446871758));
#2918=CARTESIAN_POINT('',(-0.0322651250064373,-0.018,0.0467596446871758));
#2919=CARTESIAN_POINT('',(-0.0332651250064374,-0.018,0.0467596446871758));
#2920=CARTESIAN_POINT('',(-0.0332651250064374,-0.018,0.));
#2921=CARTESIAN_POINT('',(-0.0332651250064374,-0.018,-0.0225317258387803));
#2922=CARTESIAN_POINT('',(-0.0278984254226089,-0.018,-0.0278984254226088));
#2923=CARTESIAN_POINT('',(0.,-0.02,0.));
#2924=CARTESIAN_POINT('',(-0.0278984254226089,-0.02,-0.0278984254226088));
#2925=CARTESIAN_POINT('',(-0.0332651250064374,-0.02,-0.0225317258387803));
#2926=CARTESIAN_POINT('',(-0.0332651250064374,-0.02,0.));
#2927=CARTESIAN_POINT('',(-0.0332651250064374,-0.02,-0.0172968508452177));
#2928=CARTESIAN_POINT('',(-0.0322651250064373,-0.02,-0.0172968508452177));
#2929=CARTESIAN_POINT('',(-0.0322651250064373,-0.02,-0.0182968508452177));
#2930=CARTESIAN_POINT('',(0.,-0.02,-0.0182968508452177));
#2931=CARTESIAN_POINT('',(0.0322286767661571,-0.02,-0.0182968508452177));
#2932=CARTESIAN_POINT('',(0.0322286767661571,-0.02,-0.0172968508452177));
#2933=CARTESIAN_POINT('',(0.0332286767661571,-0.02,-0.0172968508452177));
#2934=CARTESIAN_POINT('',(0.0332286767661571,-0.02,0.014731396920979));
#2935=CARTESIAN_POINT('',(0.0332286767661571,-0.02,-0.0225681740790607));
#2936=CARTESIAN_POINT('',(0.0278984254226089,-0.02,-0.0278984254226088));
#2937=CARTESIAN_POINT('',(-1.82241201401382E-5,0.002,0.0477596446871758));
#2938=CARTESIAN_POINT('',(0.0322286767661571,-0.023,0.0477596446871758));
#2939=CARTESIAN_POINT('',(0.0322286767661571,-0.022,0.0477596446871758));
#2940=CARTESIAN_POINT('',(-1.82241201401382E-5,-0.022,0.0477596446871758));
#2941=CARTESIAN_POINT('',(-0.0322651250064373,-0.022,0.0477596446871758));
#2942=CARTESIAN_POINT('',(-0.0322651250064373,0.002,0.0477596446871758));
#2943=CARTESIAN_POINT('',(-0.0332651250064374,0.002,0.014731396920979));
#2944=CARTESIAN_POINT('',(-0.0332651250064374,-0.02,-0.0172968508452177));
#2945=CARTESIAN_POINT('',(-0.0332651250064374,-0.022,-0.0172968508452177));
#2946=CARTESIAN_POINT('',(-0.0332651250064374,0.002,-0.0225317258387803));
#2947=CARTESIAN_POINT('',(-0.0332651250064374,0.002,0.0467596446871758));
#2948=CARTESIAN_POINT('',(-0.0332651250064374,-0.022,0.0467596446871758));
#2949=CARTESIAN_POINT('',(-0.0332651250064374,-0.022,-0.0192968508452177));
#2950=CARTESIAN_POINT('',(-1.82241201401382E-5,0.002,-0.0182968508452177));
#2951=CARTESIAN_POINT('',(0.0332286767661571,-0.022,-0.0182968508452177));
#2952=CARTESIAN_POINT('',(-0.0322651250064373,-0.022,-0.0182968508452177));
#2953=CARTESIAN_POINT('',(0.0322286767661571,-0.022,-0.0182968508452177));
#2954=CARTESIAN_POINT('',(0.0322286767661571,0.002,-0.0182968508452177));
#2955=CARTESIAN_POINT('',(-0.0322651250064373,-0.022,-0.0182968508452177));
#2956=CARTESIAN_POINT('',(0.0332286767661571,0.002,0.014731396920979));
#2957=CARTESIAN_POINT('',(0.0332286767661571,0.002,-0.0172968508452177));
#2958=CARTESIAN_POINT('',(0.0332286767661571,-0.022,-0.0172968508452177));
#2959=CARTESIAN_POINT('',(0.0332286767661571,-0.022,0.014731396920979));
#2960=CARTESIAN_POINT('',(0.0332286767661571,-0.022,0.0467596446871758));
#2961=CARTESIAN_POINT('',(0.0332286767661571,-0.018,0.0467596446871758));
#2962=CARTESIAN_POINT('',(0.0332286767661571,0.002,-0.0225681740790607));
#2963=CARTESIAN_POINT('',(0.0375,0.002,-0.0182968508452177));
#2964=CARTESIAN_POINT('',(-0.0325,-0.018,-0.0232968508452177));
#2965=CARTESIAN_POINT('',(-1.82241201401382E-5,-0.022,-0.0192968508452177));
#2966=CARTESIAN_POINT('',(0.0322286767661571,-0.022,-0.0192968508452177));
#2967=CARTESIAN_POINT('',(-0.0322651250064373,-0.022,-0.0192968508452177));
#2968=CARTESIAN_POINT('',(0.036,-0.02,0.051));
#2969=CARTESIAN_POINT('',(0.036,-0.022,0.051));
#2970=CARTESIAN_POINT('',(0.036,-0.022,0.051));
#2971=CARTESIAN_POINT('',(0.036,-0.022,0.051));
#2972=CARTESIAN_POINT('',(0.036,-0.022,0.051));
#2973=CARTESIAN_POINT('',(-0.036,-0.02,0.051));
#2974=CARTESIAN_POINT('',(-0.036,-0.022,0.051));
#2975=CARTESIAN_POINT('',(6.93889390390723E-18,-0.022,0.051));
#2976=CARTESIAN_POINT('',(-0.036,-0.022,0.051));
#2977=CARTESIAN_POINT('',(0.036,-0.022,2.00160401074247E-19));
#2978=CARTESIAN_POINT('',(0.036,-0.022,-0.051));
#2979=CARTESIAN_POINT('',(0.036,-0.02,-0.051));
#2980=CARTESIAN_POINT('',(0.036,-0.022,-0.051));
#2981=CARTESIAN_POINT('',(-0.036,-0.022,0.051));
#2982=CARTESIAN_POINT('',(-0.036,-0.022,0.051));
#2983=CARTESIAN_POINT('',(0.036,-0.022,-0.051));
#2984=CARTESIAN_POINT('',(0.036,-0.022,-0.051));
#2985=CARTESIAN_POINT('',(-0.036,-0.022,7.20577443867289E-18));
#2986=CARTESIAN_POINT('',(-0.036,-0.022,-0.051));
#2987=CARTESIAN_POINT('',(0.,-0.022,-0.051));
#2988=CARTESIAN_POINT('',(-0.036,-0.022,-0.051));
#2989=CARTESIAN_POINT('',(-0.036,-0.022,-0.051));
#2990=CARTESIAN_POINT('',(-0.036,-0.022,-0.051));
#2991=CARTESIAN_POINT('',(-0.036,-0.02,-0.051));
#2992=CARTESIAN_POINT('',(-0.0322651250064373,0.002,-0.0172968508452177));
#2993=CARTESIAN_POINT('',(-0.0322651250064373,-0.022,-0.0172968508452177));
#2994=CARTESIAN_POINT('',(-0.0322651250064373,-0.022,-0.0172968508452177));
#2995=CARTESIAN_POINT('',(-0.0342651250064374,-0.022,-0.0172968508452177));
#2996=CARTESIAN_POINT('',(-0.0322651250064373,0.002,0.0467596446871758));
#2997=CARTESIAN_POINT('',(-0.0322651250064373,-0.022,0.0467596446871758));
#2998=CARTESIAN_POINT('',(-0.0342651250064374,-0.022,0.014731396920979));
#2999=CARTESIAN_POINT('',(-0.0342651250064374,-0.022,0.0467596446871758));
#3000=CARTESIAN_POINT('',(0.0322286767661571,0.002,-0.0172968508452177));
#3001=CARTESIAN_POINT('',(0.0322286767661571,-0.022,-0.0172968508452177));
#3002=CARTESIAN_POINT('',(-0.0322651250064373,-0.022,0.0467596446871758));
#3003=CARTESIAN_POINT('',(-0.0322651250064373,-0.022,0.0487596446871758));
#3004=CARTESIAN_POINT('',(0.0322286767661571,-0.022,-0.0172968508452177));
#3005=CARTESIAN_POINT('',(0.0342286767661571,-0.022,-0.0172968508452177));
#3006=CARTESIAN_POINT('',(0.,-0.022,0.0487596446871758));
#3007=CARTESIAN_POINT('',(0.0322286767661571,-0.022,0.0487596446871758));
#3008=CARTESIAN_POINT('',(0.0342286767661571,-0.022,0.));
#3009=CARTESIAN_POINT('',(0.0342286767661571,-0.022,0.0467596446871758));
#3010=CARTESIAN_POINT('',(0.0322286767661571,-0.022,0.0467596446871758));
#3011=CARTESIAN_POINT('',(0.0322286767661571,-0.022,0.0467596446871758));
#3012=CARTESIAN_POINT('',(0.0322286767661571,0.002,0.0467596446871758));
#3013=CARTESIAN_POINT('',(0.0230617867686471,-0.024,-0.0321163620936709));
#3014=CARTESIAN_POINT('',(0.0230342052313884,-0.024,-0.0441735440556764));
#3015=CARTESIAN_POINT('',(0.0230342052313884,-0.024,-0.0441735440556764));
#3016=CARTESIAN_POINT('',(0.0230617867686471,-0.024,-0.0321163620936709));
#3017=CARTESIAN_POINT('',(0.0266378269617707,-0.024,-0.0436302844983322));
#3018=CARTESIAN_POINT('',(0.0266378269617707,-0.024,-0.0436302844983322));
#3019=CARTESIAN_POINT('',(0.0179663696464501,-0.024,-0.0420625926328537));
#3020=CARTESIAN_POINT('',(0.0179663696464501,-0.023,-0.0420625926328537));
#3021=CARTESIAN_POINT('',(0.0191684392066686,-0.024,-0.0434698935814021));
#3022=CARTESIAN_POINT('',(0.0191684392066686,-0.023,-0.0434698935814021));
#3023=CARTESIAN_POINT('',(0.0208577177349813,-0.024,-0.0441735440556764));
#3024=CARTESIAN_POINT('',(0.0208577177349813,-0.023,-0.0441735440556764));
#3025=CARTESIAN_POINT('',(0.0230342052313884,-0.024,-0.0441735440556764));
#3026=CARTESIAN_POINT('',(0.0230342052313884,-0.023,-0.0441735440556764));
#3027=CARTESIAN_POINT('',(0.0179663696464501,-0.024,-0.0420625926328537));
#3028=CARTESIAN_POINT('',(0.0179663696464501,-0.024,-0.0420625926328537));
#3029=CARTESIAN_POINT('',(0.0179663696464501,-0.024,-0.0420625926328537));
#3030=CARTESIAN_POINT('',(0.0197694739867778,-0.024,-0.0441735440556764));
#3031=CARTESIAN_POINT('',(0.0230342052313884,-0.024,-0.0441735440556764));
#3032=CARTESIAN_POINT('',(0.0161632653061224,-0.024,-0.036086737502069));
#3033=CARTESIAN_POINT('',(0.0161632653061224,-0.023,-0.036086737502069));
#3034=CARTESIAN_POINT('',(0.0161632653061224,-0.024,-0.0386633399740437));
#3035=CARTESIAN_POINT('',(0.0161632653061224,-0.023,-0.0386633399740437));
#3036=CARTESIAN_POINT('',(0.0167643000862317,-0.024,-0.0406552916843053));
#3037=CARTESIAN_POINT('',(0.0167643000862317,-0.023,-0.0406552916843053));
#3038=CARTESIAN_POINT('',(0.0179663696464501,-0.024,-0.0420625926328537));
#3039=CARTESIAN_POINT('',(0.0179663696464501,-0.023,-0.0420625926328537));
#3040=CARTESIAN_POINT('',(0.0161632653061224,-0.024,-0.036086737502069));
#3041=CARTESIAN_POINT('',(0.0161632653061224,-0.024,-0.036086737502069));
#3042=CARTESIAN_POINT('',(0.0161632653061224,-0.024,-0.036086737502069));
#3043=CARTESIAN_POINT('',(0.0161632653061224,-0.024,-0.0399516412100311));
#3044=CARTESIAN_POINT('',(0.0179663696464501,-0.024,-0.0420625926328537));
#3045=CARTESIAN_POINT('',(0.0179094567404426,-0.024,-0.0302505776860299));
#3046=CARTESIAN_POINT('',(0.0179094567404426,-0.023,-0.0302505776860299));
#3047=CARTESIAN_POINT('',(0.0167453291175625,-0.024,-0.0316095888961477));
#3048=CARTESIAN_POINT('',(0.0167453291175625,-0.023,-0.0316095888961477));
#3049=CARTESIAN_POINT('',(0.0161632653061224,-0.024,-0.0335549755014941));
#3050=CARTESIAN_POINT('',(0.0161632653061224,-0.023,-0.0335549755014941));
#3051=CARTESIAN_POINT('',(0.0161632653061224,-0.024,-0.036086737502069));
#3052=CARTESIAN_POINT('',(0.0161632653061224,-0.023,-0.036086737502069));
#3053=CARTESIAN_POINT('',(0.0179094567404426,-0.024,-0.0302505776860299));
#3054=CARTESIAN_POINT('',(0.0179094567404426,-0.024,-0.0302505776860299));
#3055=CARTESIAN_POINT('',(0.0179094567404426,-0.024,-0.0302505776860299));
#3056=CARTESIAN_POINT('',(0.0161632653061224,-0.024,-0.0322890945012066));
#3057=CARTESIAN_POINT('',(0.0161632653061224,-0.024,-0.036086737502069));
#3058=CARTESIAN_POINT('',(0.02301868352975,-0.024,-0.0282120608708531));
#3059=CARTESIAN_POINT('',(0.02301868352975,-0.023,-0.0282120608708531));
#3060=CARTESIAN_POINT('',(0.0207766599597585,-0.024,-0.0282120608708531));
#3061=CARTESIAN_POINT('',(0.0207766599597585,-0.023,-0.0282120608708531));
#3062=CARTESIAN_POINT('',(0.0190735843633228,-0.024,-0.028891566475912));
#3063=CARTESIAN_POINT('',(0.0190735843633228,-0.023,-0.028891566475912));
#3064=CARTESIAN_POINT('',(0.0179094567404426,-0.024,-0.0302505776860299));
#3065=CARTESIAN_POINT('',(0.0179094567404426,-0.023,-0.0302505776860299));
#3066=CARTESIAN_POINT('',(0.02301868352975,-0.024,-0.0282120608708531));
#3067=CARTESIAN_POINT('',(0.02301868352975,-0.024,-0.0282120608708531));
#3068=CARTESIAN_POINT('',(0.02301868352975,-0.024,-0.0282120608708531));
#3069=CARTESIAN_POINT('',(0.0196556481747629,-0.024,-0.0282120608708531));
#3070=CARTESIAN_POINT('',(0.0179094567404426,-0.024,-0.0302505776860299));
#3071=CARTESIAN_POINT('',(0.0265912618568554,-0.024,-0.0291019717647882));
#3072=CARTESIAN_POINT('',(0.0265912618568554,-0.023,-0.0291019717647882));
#3073=CARTESIAN_POINT('',(0.0255789019833285,-0.024,-0.0285086978354981));
#3074=CARTESIAN_POINT('',(0.0255789019833285,-0.023,-0.0285086978354981));
#3075=CARTESIAN_POINT('',(0.02438804254096,-0.024,-0.0282120608708531));
#3076=CARTESIAN_POINT('',(0.02438804254096,-0.023,-0.0282120608708531));
#3077=CARTESIAN_POINT('',(0.02301868352975,-0.024,-0.0282120608708531));
#3078=CARTESIAN_POINT('',(0.02301868352975,-0.023,-0.0282120608708531));
#3079=CARTESIAN_POINT('',(0.0265912618568554,-0.024,-0.0291019717647882));
#3080=CARTESIAN_POINT('',(0.0265912618568554,-0.024,-0.0291019717647882));
#3081=CARTESIAN_POINT('',(0.0265912618568554,-0.024,-0.0291019717647882));
#3082=CARTESIAN_POINT('',(0.0250727220465651,-0.024,-0.0282120608708531));
#3083=CARTESIAN_POINT('',(0.02301868352975,-0.024,-0.0282120608708531));
#3084=CARTESIAN_POINT('',(0.0288237999425122,-0.024,-0.031719965441132));
#3085=CARTESIAN_POINT('',(0.0288237999425122,-0.023,-0.031719965441132));
#3086=CARTESIAN_POINT('',(0.0283478010922679,-0.024,-0.0305679102528594));
#3087=CARTESIAN_POINT('',(0.0283478010922679,-0.023,-0.0305679102528594));
#3088=CARTESIAN_POINT('',(0.0276036217303823,-0.024,-0.0296952456940782));
#3089=CARTESIAN_POINT('',(0.0276036217303823,-0.023,-0.0296952456940782));
#3090=CARTESIAN_POINT('',(0.0265912618568554,-0.024,-0.0291019717647882));
#3091=CARTESIAN_POINT('',(0.0265912618568554,-0.023,-0.0291019717647882));
#3092=CARTESIAN_POINT('',(0.0288237999425122,-0.024,-0.031719965441132));
#3093=CARTESIAN_POINT('',(0.0288237999425122,-0.024,-0.031719965441132));
#3094=CARTESIAN_POINT('',(0.0288237999425122,-0.024,-0.031719965441132));
#3095=CARTESIAN_POINT('',(0.0281098016671458,-0.024,-0.0299918826587232));
#3096=CARTESIAN_POINT('',(0.0265912618568554,-0.024,-0.0291019717647882));
#3097=CARTESIAN_POINT('',(0.0310227076746192,-0.024,-0.0310577061712268));
#3098=CARTESIAN_POINT('',(0.0332216154067261,-0.024,-0.0303954469013217));
#3099=CARTESIAN_POINT('',(0.0332216154067261,-0.024,-0.0303954469013217));
#3100=CARTESIAN_POINT('',(0.0310227076746192,-0.024,-0.0310577061712268));
#3101=CARTESIAN_POINT('',(0.02301868352975,-0.024,-0.024460982974906));
#3102=CARTESIAN_POINT('',(0.02301868352975,-0.023,-0.024460982974906));
#3103=CARTESIAN_POINT('',(0.0283650474274217,-0.024,-0.024460982974906));
#3104=CARTESIAN_POINT('',(0.0283650474274217,-0.023,-0.024460982974906));
#3105=CARTESIAN_POINT('',(0.0317660247197471,-0.024,-0.0264391376170446));
#3106=CARTESIAN_POINT('',(0.0317660247197471,-0.023,-0.0264391376170446));
#3107=CARTESIAN_POINT('',(0.0332216154067261,-0.024,-0.0303954469013217));
#3108=CARTESIAN_POINT('',(0.0332216154067261,-0.023,-0.0303954469013217));
#3109=CARTESIAN_POINT('',(0.02301868352975,-0.024,-0.024460982974906));
#3110=CARTESIAN_POINT('',(0.02301868352975,-0.024,-0.024460982974906));
#3111=CARTESIAN_POINT('',(0.02301868352975,-0.024,-0.024460982974906));
#3112=CARTESIAN_POINT('',(0.0310382293762575,-0.024,-0.024460982974906));
#3113=CARTESIAN_POINT('',(0.0332216154067261,-0.024,-0.0303954469013217));
#3114=CARTESIAN_POINT('',(0.014367921816614,-0.024,-0.0274618452916637));
#3115=CARTESIAN_POINT('',(0.014367921816614,-0.023,-0.0274618452916637));
#3116=CARTESIAN_POINT('',(0.0163719459614832,-0.024,-0.0254612704138252));
#3117=CARTESIAN_POINT('',(0.0163719459614832,-0.023,-0.0254612704138252));
#3118=CARTESIAN_POINT('',(0.0192555331991952,-0.024,-0.024460982974906));
#3119=CARTESIAN_POINT('',(0.0192555331991952,-0.023,-0.024460982974906));
#3120=CARTESIAN_POINT('',(0.02301868352975,-0.024,-0.024460982974906));
#3121=CARTESIAN_POINT('',(0.02301868352975,-0.023,-0.024460982974906));
#3122=CARTESIAN_POINT('',(0.014367921816614,-0.024,-0.0274618452916637));
#3123=CARTESIAN_POINT('',(0.014367921816614,-0.024,-0.0274618452916637));
#3124=CARTESIAN_POINT('',(0.014367921816614,-0.024,-0.0274618452916637));
#3125=CARTESIAN_POINT('',(0.0173739580339178,-0.024,-0.024460982974906));
#3126=CARTESIAN_POINT('',(0.02301868352975,-0.024,-0.024460982974906));
#3127=CARTESIAN_POINT('',(0.0113618855993101,-0.024,-0.036086737502069));
#3128=CARTESIAN_POINT('',(0.0113618855993101,-0.023,-0.036086737502069));
#3129=CARTESIAN_POINT('',(0.0113618855993101,-0.024,-0.0323373842396373));
#3130=CARTESIAN_POINT('',(0.0113618855993101,-0.023,-0.0323373842396373));
#3131=CARTESIAN_POINT('',(0.0123638976717447,-0.024,-0.0294624201695022));
#3132=CARTESIAN_POINT('',(0.0123638976717447,-0.023,-0.0294624201695022));
#3133=CARTESIAN_POINT('',(0.014367921816614,-0.024,-0.0274618452916637));
#3134=CARTESIAN_POINT('',(0.014367921816614,-0.023,-0.0274618452916637));
#3135=CARTESIAN_POINT('',(0.0113618855993101,-0.024,-0.036086737502069));
#3136=CARTESIAN_POINT('',(0.0113618855993101,-0.024,-0.036086737502069));
#3137=CARTESIAN_POINT('',(0.0113618855993101,-0.024,-0.036086737502069));
#3138=CARTESIAN_POINT('',(0.0113618855993101,-0.024,-0.0304627076084214));
#3139=CARTESIAN_POINT('',(0.014367921816614,-0.024,-0.0274618452916637));
#3140=CARTESIAN_POINT('',(0.0143524001149756,-0.024,-0.0448280424747623));
#3141=CARTESIAN_POINT('',(0.0143524001149756,-0.023,-0.0448280424747623));
#3142=CARTESIAN_POINT('',(0.0123587237711986,-0.024,-0.0427740039579471));
#3143=CARTESIAN_POINT('',(0.0123587237711986,-0.023,-0.0427740039579471));
#3144=CARTESIAN_POINT('',(0.0113618855993101,-0.024,-0.039860235633716));
#3145=CARTESIAN_POINT('',(0.0113618855993101,-0.023,-0.039860235633716));
#3146=CARTESIAN_POINT('',(0.0113618855993101,-0.024,-0.036086737502069));
#3147=CARTESIAN_POINT('',(0.0113618855993101,-0.023,-0.036086737502069));
#3148=CARTESIAN_POINT('',(0.0143524001149756,-0.024,-0.0448280424747623));
#3149=CARTESIAN_POINT('',(0.0143524001149756,-0.024,-0.0448280424747623));
#3150=CARTESIAN_POINT('',(0.0143524001149756,-0.024,-0.0448280424747623));
#3151=CARTESIAN_POINT('',(0.0113618855993101,-0.024,-0.0417469846995395));
#3152=CARTESIAN_POINT('',(0.0113618855993101,-0.024,-0.036086737502069));
#3153=CARTESIAN_POINT('',(0.022904857717735,-0.024,-0.0479091002499851));
#3154=CARTESIAN_POINT('',(0.022904857717735,-0.023,-0.0479091002499851));
#3155=CARTESIAN_POINT('',(0.0191968956596723,-0.024,-0.0479091002499851));
#3156=CARTESIAN_POINT('',(0.0191968956596723,-0.023,-0.0479091002499851));
#3157=CARTESIAN_POINT('',(0.0163460764587525,-0.024,-0.0468820809915775));
#3158=CARTESIAN_POINT('',(0.0163460764587525,-0.023,-0.0468820809915775));
#3159=CARTESIAN_POINT('',(0.0143524001149756,-0.024,-0.0448280424747623));
#3160=CARTESIAN_POINT('',(0.0143524001149756,-0.023,-0.0448280424747623));
#3161=CARTESIAN_POINT('',(0.022904857717735,-0.024,-0.0479091002499851));
#3162=CARTESIAN_POINT('',(0.022904857717735,-0.024,-0.0479091002499851));
#3163=CARTESIAN_POINT('',(0.022904857717735,-0.024,-0.0479091002499851));
#3164=CARTESIAN_POINT('',(0.017342914630641,-0.024,-0.0479091002499851));
#3165=CARTESIAN_POINT('',(0.0143524001149756,-0.024,-0.0448280424747623));
#3166=CARTESIAN_POINT('',(0.0289893647599885,-0.024,-0.0468562114888468));
#3167=CARTESIAN_POINT('',(0.0289893647599885,-0.023,-0.0468562114888468));
#3168=CARTESIAN_POINT('',(0.0270543259557344,-0.024,-0.0475581373296057));
#3169=CARTESIAN_POINT('',(0.0270543259557344,-0.023,-0.0475581373296057));
#3170=CARTESIAN_POINT('',(0.0250261569416499,-0.024,-0.0479091002499851));
#3171=CARTESIAN_POINT('',(0.0250261569416499,-0.023,-0.0479091002499851));
#3172=CARTESIAN_POINT('',(0.022904857717735,-0.024,-0.0479091002499851));
#3173=CARTESIAN_POINT('',(0.022904857717735,-0.023,-0.0479091002499851));
#3174=CARTESIAN_POINT('',(0.0289893647599885,-0.024,-0.0468562114888468));
#3175=CARTESIAN_POINT('',(0.0289893647599885,-0.024,-0.0468562114888468));
#3176=CARTESIAN_POINT('',(0.0289893647599885,-0.024,-0.0468562114888468));
#3177=CARTESIAN_POINT('',(0.0260868065536074,-0.024,-0.0479091002499851));
#3178=CARTESIAN_POINT('',(0.022904857717735,-0.024,-0.0479091002499851));
#3179=CARTESIAN_POINT('',(0.0337027881575165,-0.024,-0.0439458924316464));
#3180=CARTESIAN_POINT('',(0.0337027881575165,-0.023,-0.0439458924316464));
#3181=CARTESIAN_POINT('',(0.032495544696752,-0.024,-0.0451841792956878));
#3182=CARTESIAN_POINT('',(0.032495544696752,-0.023,-0.0451841792956878));
#3183=CARTESIAN_POINT('',(0.0309244035642426,-0.024,-0.0461542856480879));
#3184=CARTESIAN_POINT('',(0.0309244035642426,-0.023,-0.0461542856480879));
#3185=CARTESIAN_POINT('',(0.0289893647599885,-0.024,-0.0468562114888468));
#3186=CARTESIAN_POINT('',(0.0289893647599885,-0.023,-0.0468562114888468));
#3187=CARTESIAN_POINT('',(0.0337027881575165,-0.024,-0.0439458924316464));
#3188=CARTESIAN_POINT('',(0.0337027881575165,-0.024,-0.0439458924316464));
#3189=CARTESIAN_POINT('',(0.0337027881575165,-0.024,-0.0439458924316464));
#3190=CARTESIAN_POINT('',(0.0318919229663697,-0.024,-0.0458033227277085));
#3191=CARTESIAN_POINT('',(0.0289893647599885,-0.024,-0.0468562114888468));
#3192=CARTESIAN_POINT('',(0.0337027881575165,-0.024,-0.039757619939551));
#3193=CARTESIAN_POINT('',(0.0337027881575165,-0.024,-0.0355693474474556));
#3194=CARTESIAN_POINT('',(0.0337027881575165,-0.024,-0.0355693474474556));
#3195=CARTESIAN_POINT('',(0.0337027881575165,-0.024,-0.039757619939551));
#3196=CARTESIAN_POINT('',(0.028741017533774,-0.024,-0.0355693474474556));
#3197=CARTESIAN_POINT('',(0.0237792469100316,-0.024,-0.0355693474474556));
#3198=CARTESIAN_POINT('',(0.0237792469100316,-0.024,-0.0355693474474556));
#3199=CARTESIAN_POINT('',(0.028741017533774,-0.024,-0.0355693474474556));
#3200=CARTESIAN_POINT('',(0.0237792469100316,-0.024,-0.0373310605834142));
#3201=CARTESIAN_POINT('',(0.0237792469100316,-0.024,-0.0390927737193728));
#3202=CARTESIAN_POINT('',(0.0237792469100316,-0.024,-0.0390927737193728));
#3203=CARTESIAN_POINT('',(0.0237792469100316,-0.024,-0.0373310605834142));
#3204=CARTESIAN_POINT('',(0.0265602184535786,-0.024,-0.0390927737193728));
#3205=CARTESIAN_POINT('',(0.0293411899971256,-0.024,-0.0390927737193728));
#3206=CARTESIAN_POINT('',(0.0293411899971256,-0.024,-0.0390927737193728));
#3207=CARTESIAN_POINT('',(0.0265602184535786,-0.024,-0.0390927737193728));
#3208=CARTESIAN_POINT('',(0.0293411899971256,-0.024,-0.0406708133859436));
#3209=CARTESIAN_POINT('',(0.0293411899971256,-0.024,-0.0422488530525145));
#3210=CARTESIAN_POINT('',(0.0293411899971256,-0.024,-0.0422488530525145));
#3211=CARTESIAN_POINT('',(0.0293411899971256,-0.024,-0.0406708133859436));
#3212=CARTESIAN_POINT('',(0.0266378269617707,-0.024,-0.0436302844983322));
#3213=CARTESIAN_POINT('',(0.0266378269617707,-0.023,-0.0436302844983322));
#3214=CARTESIAN_POINT('',(0.0278019545846508,-0.024,-0.0432681114601029));
#3215=CARTESIAN_POINT('',(0.0278019545846508,-0.023,-0.0432681114601029));
#3216=CARTESIAN_POINT('',(0.0287030755964358,-0.024,-0.042807634311497));
#3217=CARTESIAN_POINT('',(0.0287030755964358,-0.023,-0.042807634311497));
#3218=CARTESIAN_POINT('',(0.0293411899971256,-0.024,-0.0422488530525145));
#3219=CARTESIAN_POINT('',(0.0293411899971256,-0.023,-0.0422488530525145));
#3220=CARTESIAN_POINT('',(0.0266378269617707,-0.024,-0.0436302844983322));
#3221=CARTESIAN_POINT('',(0.0283840183960909,-0.024,-0.0430870249409882));
#3222=CARTESIAN_POINT('',(0.0293411899971256,-0.024,-0.0422488530525145));
#3223=CARTESIAN_POINT('',(-1.38777878078145E-17,-0.024,-0.0358254555244892));
#3224=CARTESIAN_POINT('',(0.00870767461914342,-0.024,-0.0410174647225346));
#3225=CARTESIAN_POINT('',(0.00870767461914342,-0.023,-0.0410174647225346));
#3226=CARTESIAN_POINT('',(0.00870767461914342,-0.024,-0.0432491404914337));
#3227=CARTESIAN_POINT('',(0.00870767461914342,-0.023,-0.0432491404914337));
#3228=CARTESIAN_POINT('',(0.00787985053176199,-0.024,-0.0449556653549003));
#3229=CARTESIAN_POINT('',(0.00787985053176199,-0.023,-0.0449556653549003));
#3230=CARTESIAN_POINT('',(0.00622420235699913,-0.024,-0.0461370393129342));
#3231=CARTESIAN_POINT('',(0.00622420235699913,-0.023,-0.0461370393129342));
#3232=CARTESIAN_POINT('',(0.00870767461914342,-0.024,-0.0410174647225346));
#3233=CARTESIAN_POINT('',(0.00870767461914342,-0.024,-0.0410174647225346));
#3234=CARTESIAN_POINT('',(0.00870767461914342,-0.024,-0.0410174647225346));
#3235=CARTESIAN_POINT('',(0.00870767461914342,-0.024,-0.0443649783758833));
#3236=CARTESIAN_POINT('',(0.00622420235699913,-0.024,-0.0461370393129342));
#3237=CARTESIAN_POINT('',(0.00622420235699913,-0.024,-0.0461370393129342));
#3238=CARTESIAN_POINT('',(0.00622420235699913,-0.024,-0.0461370393129342));
#3239=CARTESIAN_POINT('',(0.00827048002299511,-0.024,-0.0385029490571136));
#3240=CARTESIAN_POINT('',(0.00827048002299511,-0.023,-0.0385029490571136));
#3241=CARTESIAN_POINT('',(0.00856194308709398,-0.024,-0.0392307444006031));
#3242=CARTESIAN_POINT('',(0.00856194308709398,-0.023,-0.0392307444006031));
#3243=CARTESIAN_POINT('',(0.00870767461914342,-0.024,-0.0400689162890768));
#3244=CARTESIAN_POINT('',(0.00870767461914342,-0.023,-0.0400689162890768));
#3245=CARTESIAN_POINT('',(0.00870767461914342,-0.024,-0.0410174647225346));
#3246=CARTESIAN_POINT('',(0.00870767461914342,-0.023,-0.0410174647225346));
#3247=CARTESIAN_POINT('',(0.00827048002299511,-0.024,-0.0385029490571136));
#3248=CARTESIAN_POINT('',(0.00827048002299511,-0.024,-0.0385029490571136));
#3249=CARTESIAN_POINT('',(0.00827048002299511,-0.024,-0.0385029490571136));
#3250=CARTESIAN_POINT('',(0.00870767461914342,-0.024,-0.0395946420723478));
#3251=CARTESIAN_POINT('',(0.00870767461914342,-0.024,-0.0410174647225346));
#3252=CARTESIAN_POINT('',(0.00339803876835251,-0.024,-0.0404160080223616));
#3253=CARTESIAN_POINT('',(0.00700804828973842,-0.024,-0.03662741010914));
#3254=CARTESIAN_POINT('',(0.00700804828973842,-0.024,-0.03662741010914));
#3255=CARTESIAN_POINT('',(0.00339803876835251,-0.024,-0.0404160080223616));
#3256=CARTESIAN_POINT('',(0.00476774935326242,-0.024,-0.0352537395141414));
#3257=CARTESIAN_POINT('',(0.00476774935326242,-0.023,-0.0352537395141414));
#3258=CARTESIAN_POINT('',(0.00571112388617418,-0.024,-0.0356469559556476));
#3259=CARTESIAN_POINT('',(0.00571112388617418,-0.023,-0.0356469559556476));
#3260=CARTESIAN_POINT('',(0.00645789019833285,-0.024,-0.0361048461539805));
#3261=CARTESIAN_POINT('',(0.00645789019833285,-0.023,-0.0361048461539805));
#3262=CARTESIAN_POINT('',(0.00700804828973842,-0.024,-0.03662741010914));
#3263=CARTESIAN_POINT('',(0.00700804828973842,-0.023,-0.03662741010914));
#3264=CARTESIAN_POINT('',(0.00476774935326242,-0.024,-0.0352537395141414));
#3265=CARTESIAN_POINT('',(0.00476774935326242,-0.024,-0.0352537395141414));
#3266=CARTESIAN_POINT('',(0.00476774935326242,-0.024,-0.0352537395141414));
#3267=CARTESIAN_POINT('',(0.00618281115263006,-0.024,-0.0358435641764007));
#3268=CARTESIAN_POINT('',(0.00700804828973842,-0.024,-0.03662741010914));
#3269=CARTESIAN_POINT('',(7.24346076458673E-5,-0.024,-0.0339706121787002));
#3270=CARTESIAN_POINT('',(7.24346076458673E-5,-0.023,-0.0339706121787002));
#3271=CARTESIAN_POINT('',(0.00225926990514515,-0.024,-0.0344328139608215));
#3272=CARTESIAN_POINT('',(0.00225926990514515,-0.023,-0.0344328139608215));
#3273=CARTESIAN_POINT('',(0.00382437482035067,-0.024,-0.0348605230726352));
#3274=CARTESIAN_POINT('',(0.00382437482035067,-0.023,-0.0348605230726352));
#3275=CARTESIAN_POINT('',(0.00476774935326242,-0.024,-0.0352537395141414));
#3276=CARTESIAN_POINT('',(0.00476774935326242,-0.023,-0.0352537395141414));
#3277=CARTESIAN_POINT('',(7.24346076458673E-5,-0.024,-0.0339706121787002));
#3278=CARTESIAN_POINT('',(7.24346076458673E-5,-0.024,-0.0339706121787002));
#3279=CARTESIAN_POINT('',(7.24346076458673E-5,-0.024,-0.0339706121787002));
#3280=CARTESIAN_POINT('',(0.00335268755389479,-0.024,-0.0346639148518822));
#3281=CARTESIAN_POINT('',(0.00476774935326242,-0.024,-0.0352537395141414));
#3282=CARTESIAN_POINT('',(-0.0035958608795631,-0.024,-0.0329746363235694));
#3283=CARTESIAN_POINT('',(-0.0035958608795631,-0.023,-0.0329746363235694));
#3284=CARTESIAN_POINT('',(-0.00299223914918081,-0.024,-0.0332385052514222));
#3285=CARTESIAN_POINT('',(-0.00299223914918081,-0.023,-0.0332385052514222));
#3286=CARTESIAN_POINT('',(-0.00176947398677782,-0.024,-0.0335704972031325));
#3287=CARTESIAN_POINT('',(-0.00176947398677782,-0.023,-0.0335704972031325));
#3288=CARTESIAN_POINT('',(7.24346076458673E-5,-0.024,-0.0339706121787002));
#3289=CARTESIAN_POINT('',(7.24346076458673E-5,-0.023,-0.0339706121787002));
#3290=CARTESIAN_POINT('',(-0.0035958608795631,-0.024,-0.0329746363235694));
#3291=CARTESIAN_POINT('',(-0.0035958608795631,-0.024,-0.0329746363235694));
#3292=CARTESIAN_POINT('',(-0.0035958608795631,-0.024,-0.0329746363235694));
#3293=CARTESIAN_POINT('',(-0.00269042828398966,-0.024,-0.0333704397153487));
#3294=CARTESIAN_POINT('',(7.24346076458673E-5,-0.024,-0.0339706121787002));
#3295=CARTESIAN_POINT('',(-0.00496177062374247,-0.024,-0.0320122908219885));
#3296=CARTESIAN_POINT('',(-0.00496177062374247,-0.023,-0.0320122908219885));
#3297=CARTESIAN_POINT('',(-0.00465478585800519,-0.024,-0.0323899855618563));
#3298=CARTESIAN_POINT('',(-0.00465478585800519,-0.023,-0.0323899855618563));
#3299=CARTESIAN_POINT('',(-0.0041994826099454,-0.024,-0.0327107673957166));
#3300=CARTESIAN_POINT('',(-0.0041994826099454,-0.023,-0.0327107673957166));
#3301=CARTESIAN_POINT('',(-0.0035958608795631,-0.024,-0.0329746363235694));
#3302=CARTESIAN_POINT('',(-0.0035958608795631,-0.023,-0.0329746363235694));
#3303=CARTESIAN_POINT('',(-0.00496177062374247,-0.024,-0.0320122908219885));
#3304=CARTESIAN_POINT('',(-0.00496177062374247,-0.024,-0.0320122908219885));
#3305=CARTESIAN_POINT('',(-0.00496177062374247,-0.024,-0.0320122908219885));
#3306=CARTESIAN_POINT('',(-0.00450129347513655,-0.024,-0.0325788329317901));
#3307=CARTESIAN_POINT('',(-0.0035958608795631,-0.024,-0.0329746363235694));
#3308=CARTESIAN_POINT('',(-0.00542224777234839,-0.024,-0.0305558378182518));
#3309=CARTESIAN_POINT('',(-0.00542224777234839,-0.023,-0.0305558378182518));
#3310=CARTESIAN_POINT('',(-0.00542224777234839,-0.024,-0.0311491117475418));
#3311=CARTESIAN_POINT('',(-0.00542224777234839,-0.023,-0.0311491117475418));
#3312=CARTESIAN_POINT('',(-0.00526875538947975,-0.024,-0.0316345960821207));
#3313=CARTESIAN_POINT('',(-0.00526875538947975,-0.023,-0.0316345960821207));
#3314=CARTESIAN_POINT('',(-0.00496177062374247,-0.024,-0.0320122908219885));
#3315=CARTESIAN_POINT('',(-0.00496177062374247,-0.023,-0.0320122908219885));
#3316=CARTESIAN_POINT('',(-0.00542224777234839,-0.024,-0.0305558378182518));
#3317=CARTESIAN_POINT('',(-0.00542224777234839,-0.024,-0.0305558378182518));
#3318=CARTESIAN_POINT('',(-0.00542224777234839,-0.024,-0.0305558378182518));
#3319=CARTESIAN_POINT('',(-0.00542224777234839,-0.024,-0.0314457487121868));
#3320=CARTESIAN_POINT('',(-0.00496177062374247,-0.024,-0.0320122908219885));
#3321=CARTESIAN_POINT('',(-0.00109169301523427,-0.024,-0.0278395400315315));
#3322=CARTESIAN_POINT('',(-0.00109169301523427,-0.023,-0.0278395400315315));
#3323=CARTESIAN_POINT('',(-0.00397872951997702,-0.024,-0.0278395400315315));
#3324=CARTESIAN_POINT('',(-0.00397872951997702,-0.023,-0.0278395400315315));
#3325=CARTESIAN_POINT('',(-0.00542224777234839,-0.024,-0.0287449726271049));
#3326=CARTESIAN_POINT('',(-0.00542224777234839,-0.023,-0.0287449726271049));
#3327=CARTESIAN_POINT('',(-0.00542224777234839,-0.024,-0.0305558378182518));
#3328=CARTESIAN_POINT('',(-0.00542224777234839,-0.023,-0.0305558378182518));
#3329=CARTESIAN_POINT('',(-0.00109169301523427,-0.024,-0.0278395400315315));
#3330=CARTESIAN_POINT('',(-0.00109169301523427,-0.024,-0.0278395400315315));
#3331=CARTESIAN_POINT('',(-0.00109169301523427,-0.024,-0.0278395400315315));
#3332=CARTESIAN_POINT('',(-0.00542224777234839,-0.024,-0.0278395400315315));
#3333=CARTESIAN_POINT('',(-0.00542224777234839,-0.024,-0.0305558378182518));
#3334=CARTESIAN_POINT('',(0.00203851681517676,-0.024,-0.0285845817101748));
#3335=CARTESIAN_POINT('',(0.00203851681517676,-0.023,-0.0285845817101748));
#3336=CARTESIAN_POINT('',(0.00131072147168726,-0.024,-0.0280878872577459));
#3337=CARTESIAN_POINT('',(0.00131072147168726,-0.023,-0.0280878872577459));
#3338=CARTESIAN_POINT('',(0.000267318194883577,-0.024,-0.0278395400315315));
#3339=CARTESIAN_POINT('',(0.000267318194883577,-0.023,-0.0278395400315315));
#3340=CARTESIAN_POINT('',(-0.00109169301523427,-0.024,-0.0278395400315315));
#3341=CARTESIAN_POINT('',(-0.00109169301523427,-0.023,-0.0278395400315315));
#3342=CARTESIAN_POINT('',(0.00203851681517676,-0.024,-0.0285845817101748));
#3343=CARTESIAN_POINT('',(0.00203851681517676,-0.024,-0.0285845817101748));
#3344=CARTESIAN_POINT('',(0.00203851681517676,-0.024,-0.0285845817101748));
#3345=CARTESIAN_POINT('',(0.000946823799942501,-0.024,-0.0278395400315315));
#3346=CARTESIAN_POINT('',(-0.00109169301523427,-0.024,-0.0278395400315315));
#3347=CARTESIAN_POINT('',(0.00348203506754813,-0.024,-0.0307990111439201));
#3348=CARTESIAN_POINT('',(0.00348203506754813,-0.023,-0.0307990111439201));
#3349=CARTESIAN_POINT('',(0.00324748490945673,-0.024,-0.0298194193071854));
#3350=CARTESIAN_POINT('',(0.00324748490945673,-0.023,-0.0298194193071854));
#3351=CARTESIAN_POINT('',(0.00276631215866627,-0.024,-0.0290812761626036));
#3352=CARTESIAN_POINT('',(0.00276631215866627,-0.023,-0.0290812761626036));
#3353=CARTESIAN_POINT('',(0.00203851681517676,-0.024,-0.0285845817101748));
#3354=CARTESIAN_POINT('',(0.00203851681517676,-0.023,-0.0285845817101748));
#3355=CARTESIAN_POINT('',(0.00348203506754813,-0.024,-0.0307990111439201));
#3356=CARTESIAN_POINT('',(0.00348203506754813,-0.024,-0.0307990111439201));
#3357=CARTESIAN_POINT('',(0.00348203506754813,-0.024,-0.0307990111439201));
#3358=CARTESIAN_POINT('',(0.00313020983041102,-0.024,-0.029329623388818));
#3359=CARTESIAN_POINT('',(0.00203851681517676,-0.024,-0.0285845817101748));
#3360=CARTESIAN_POINT('',(0.00579476861167001,-0.024,-0.0304834032106059));
#3361=CARTESIAN_POINT('',(0.00810750215579189,-0.024,-0.0301677952772917));
#3362=CARTESIAN_POINT('',(0.00810750215579189,-0.024,-0.0301677952772917));
#3363=CARTESIAN_POINT('',(0.00579476861167001,-0.024,-0.0304834032106059));
#3364=CARTESIAN_POINT('',(0.00536792181661396,-0.024,-0.0257880884649893));
#3365=CARTESIAN_POINT('',(0.00536792181661396,-0.023,-0.0257880884649893));
#3366=CARTESIAN_POINT('',(0.00678384593273929,-0.024,-0.0266728254583782));
#3367=CARTESIAN_POINT('',(0.00678384593273929,-0.023,-0.0266728254583782));
#3368=CARTESIAN_POINT('',(0.00769703937913193,-0.024,-0.0281327277291457));
#3369=CARTESIAN_POINT('',(0.00769703937913193,-0.023,-0.0281327277291457));
#3370=CARTESIAN_POINT('',(0.00810750215579189,-0.024,-0.0301677952772917));
#3371=CARTESIAN_POINT('',(0.00810750215579189,-0.023,-0.0301677952772917));
#3372=CARTESIAN_POINT('',(0.00536792181661396,-0.024,-0.0257880884649893));
#3373=CARTESIAN_POINT('',(0.00536792181661396,-0.024,-0.0257880884649893));
#3374=CARTESIAN_POINT('',(0.00536792181661396,-0.024,-0.0257880884649893));
#3375=CARTESIAN_POINT('',(0.00749180799080195,-0.024,-0.0271151939550727));
#3376=CARTESIAN_POINT('',(0.00810750215579189,-0.024,-0.0301677952772917));
#3377=CARTESIAN_POINT('',(-0.000993388904857728,-0.024,-0.024460982974906));
#3378=CARTESIAN_POINT('',(-0.000993388904857728,-0.023,-0.024460982974906));
#3379=CARTESIAN_POINT('',(0.00183156079333141,-0.024,-0.024460982974906));
#3380=CARTESIAN_POINT('',(0.00183156079333141,-0.023,-0.024460982974906));
#3381=CARTESIAN_POINT('',(0.00395199770048864,-0.024,-0.0249033514716005));
#3382=CARTESIAN_POINT('',(0.00395199770048864,-0.023,-0.0249033514716005));
#3383=CARTESIAN_POINT('',(0.00536792181661396,-0.024,-0.0257880884649893));
#3384=CARTESIAN_POINT('',(0.00536792181661396,-0.023,-0.0257880884649893));
#3385=CARTESIAN_POINT('',(-0.000993388904857728,-0.024,-0.024460982974906));
#3386=CARTESIAN_POINT('',(-0.000993388904857728,-0.024,-0.024460982974906));
#3387=CARTESIAN_POINT('',(-0.000993388904857728,-0.024,-0.024460982974906));
#3388=CARTESIAN_POINT('',(0.00324403564242598,-0.024,-0.024460982974906));
#3389=CARTESIAN_POINT('',(0.00536792181661396,-0.024,-0.0257880884649893));
#3390=CARTESIAN_POINT('',(-0.00774274216728946,-0.024,-0.0261036963983035));
#3391=CARTESIAN_POINT('',(-0.00774274216728946,-0.023,-0.0261036963983035));
#3392=CARTESIAN_POINT('',(-0.00619574590399541,-0.024,-0.0250085541160385));
#3393=CARTESIAN_POINT('',(-0.00619574590399541,-0.023,-0.0250085541160385));
#3394=CARTESIAN_POINT('',(-0.00394596148318484,-0.024,-0.024460982974906));
#3395=CARTESIAN_POINT('',(-0.00394596148318484,-0.023,-0.024460982974906));
#3396=CARTESIAN_POINT('',(-0.000993388904857728,-0.024,-0.024460982974906));
#3397=CARTESIAN_POINT('',(-0.000993388904857728,-0.023,-0.024460982974906));
#3398=CARTESIAN_POINT('',(-0.00774274216728946,-0.024,-0.0261036963983035));
#3399=CARTESIAN_POINT('',(-0.00774274216728946,-0.024,-0.0261036963983035));
#3400=CARTESIAN_POINT('',(-0.00774274216728946,-0.024,-0.0261036963983035));
#3401=CARTESIAN_POINT('',(-0.00542224777234839,-0.024,-0.024460982974906));
#3402=CARTESIAN_POINT('',(-0.000993388904857728,-0.024,-0.024460982974906));
#3403=CARTESIAN_POINT('',(-0.0100632365622305,-0.024,-0.0308300545471969));
#3404=CARTESIAN_POINT('',(-0.0100632365622305,-0.023,-0.0308300545471969));
#3405=CARTESIAN_POINT('',(-0.0100632365622305,-0.024,-0.0287742913968663));
#3406=CARTESIAN_POINT('',(-0.0100632365622305,-0.023,-0.0287742913968663));
#3407=CARTESIAN_POINT('',(-0.00928973843058351,-0.024,-0.0271988386805685));
#3408=CARTESIAN_POINT('',(-0.00928973843058351,-0.023,-0.0271988386805685));
#3409=CARTESIAN_POINT('',(-0.00774274216728946,-0.024,-0.0261036963983035));
#3410=CARTESIAN_POINT('',(-0.00774274216728946,-0.023,-0.0261036963983035));
#3411=CARTESIAN_POINT('',(-0.0100632365622305,-0.024,-0.0308300545471969));
#3412=CARTESIAN_POINT('',(-0.0100632365622305,-0.024,-0.0308300545471969));
#3413=CARTESIAN_POINT('',(-0.0100632365622305,-0.024,-0.0308300545471969));
#3414=CARTESIAN_POINT('',(-0.0100632365622305,-0.024,-0.0277464098217011));
#3415=CARTESIAN_POINT('',(-0.00774274216728946,-0.024,-0.0261036963983035));
#3416=CARTESIAN_POINT('',(-0.00974762862891637,-0.024,-0.0329823971743886));
#3417=CARTESIAN_POINT('',(-0.00974762862891637,-0.023,-0.0329823971743886));
#3418=CARTESIAN_POINT('',(-0.00995803391779248,-0.024,-0.0323580798418218));
#3419=CARTESIAN_POINT('',(-0.00995803391779248,-0.023,-0.0323580798418218));
#3420=CARTESIAN_POINT('',(-0.0100632365622305,-0.024,-0.0316406322994245));
#3421=CARTESIAN_POINT('',(-0.0100632365622305,-0.023,-0.0316406322994245));
#3422=CARTESIAN_POINT('',(-0.0100632365622305,-0.024,-0.0308300545471969));
#3423=CARTESIAN_POINT('',(-0.0100632365622305,-0.023,-0.0308300545471969));
#3424=CARTESIAN_POINT('',(-0.00974762862891637,-0.024,-0.0329823971743886));
#3425=CARTESIAN_POINT('',(-0.00974762862891637,-0.024,-0.0329823971743886));
#3426=CARTESIAN_POINT('',(-0.00974762862891637,-0.024,-0.0329823971743886));
#3427=CARTESIAN_POINT('',(-0.0100632365622305,-0.024,-0.0320459211755384));
#3428=CARTESIAN_POINT('',(-0.0100632365622305,-0.024,-0.0308300545471969));
#3429=CARTESIAN_POINT('',(-0.0088680655360736,-0.024,-0.0346147627966939));
#3430=CARTESIAN_POINT('',(-0.0088680655360736,-0.023,-0.0346147627966939));
#3431=CARTESIAN_POINT('',(-0.009244035642426,-0.024,-0.0341508363810572));
#3432=CARTESIAN_POINT('',(-0.009244035642426,-0.023,-0.0341508363810572));
#3433=CARTESIAN_POINT('',(-0.00953722334004026,-0.024,-0.0336067145069554));
#3434=CARTESIAN_POINT('',(-0.00953722334004026,-0.023,-0.0336067145069554));
#3435=CARTESIAN_POINT('',(-0.00974762862891637,-0.024,-0.0329823971743886));
#3436=CARTESIAN_POINT('',(-0.00974762862891637,-0.023,-0.0329823971743886));
#3437=CARTESIAN_POINT('',(-0.0088680655360736,-0.024,-0.0346147627966939));
#3438=CARTESIAN_POINT('',(-0.0088680655360736,-0.024,-0.0346147627966939));
#3439=CARTESIAN_POINT('',(-0.0088680655360736,-0.024,-0.0346147627966939));
#3440=CARTESIAN_POINT('',(-0.0094320206956022,-0.024,-0.0339188731732388));
#3441=CARTESIAN_POINT('',(-0.00974762862891637,-0.024,-0.0329823971743886));
#3442=CARTESIAN_POINT('',(-0.00476119278205455,-0.024,-0.0312549045705885));
#3443=CARTESIAN_POINT('',(-0.00749439494107503,-0.024,-0.0358047599223047));
#3444=CARTESIAN_POINT('',(-0.00749439494107503,-0.024,-0.0358047599223047));
#3445=CARTESIAN_POINT('',(-0.00476119278205455,-0.024,-0.0312549045705885));
#3446=CARTESIAN_POINT('',(-0.00568352974992815,-0.024,-0.0366610404626899));
#3447=CARTESIAN_POINT('',(-0.00568352974992815,-0.023,-0.0366610404626899));
#3448=CARTESIAN_POINT('',(-0.00635096292037943,-0.024,-0.0364195917705369));
#3449=CARTESIAN_POINT('',(-0.00635096292037943,-0.023,-0.0364195917705369));
#3450=CARTESIAN_POINT('',(-0.00695458465076172,-0.024,-0.0361341649237419));
#3451=CARTESIAN_POINT('',(-0.00695458465076172,-0.023,-0.0361341649237419));
#3452=CARTESIAN_POINT('',(-0.00749439494107503,-0.024,-0.0358047599223047));
#3453=CARTESIAN_POINT('',(-0.00749439494107503,-0.023,-0.0358047599223047));
#3454=CARTESIAN_POINT('',(-0.00568352974992815,-0.024,-0.0366610404626899));
#3455=CARTESIAN_POINT('',(-0.00568352974992815,-0.024,-0.0366610404626899));
#3456=CARTESIAN_POINT('',(-0.00568352974992815,-0.024,-0.0366610404626899));
#3457=CARTESIAN_POINT('',(-0.00668467950560507,-0.024,-0.0362988674244604));
#3458=CARTESIAN_POINT('',(-0.00749439494107503,-0.024,-0.0358047599223047));
#3459=CARTESIAN_POINT('',(-0.00212647312446107,-0.024,-0.0376233859642707));
#3460=CARTESIAN_POINT('',(-0.00212647312446107,-0.023,-0.0376233859642707));
#3461=CARTESIAN_POINT('',(-0.00383041103765451,-0.024,-0.037223270988703));
#3462=CARTESIAN_POINT('',(-0.00383041103765451,-0.023,-0.037223270988703));
#3463=CARTESIAN_POINT('',(-0.00501609657947687,-0.024,-0.0369024891548428));
#3464=CARTESIAN_POINT('',(-0.00501609657947687,-0.023,-0.0369024891548428));
#3465=CARTESIAN_POINT('',(-0.00568352974992815,-0.024,-0.0366610404626899));
#3466=CARTESIAN_POINT('',(-0.00568352974992815,-0.023,-0.0366610404626899));
#3467=CARTESIAN_POINT('',(-0.00212647312446107,-0.024,-0.0376233859642707));
#3468=CARTESIAN_POINT('',(-0.00212647312446107,-0.024,-0.0376233859642707));
#3469=CARTESIAN_POINT('',(-0.00212647312446107,-0.024,-0.0376233859642707));
#3470=CARTESIAN_POINT('',(-0.00468237999425123,-0.024,-0.0370232135009192));
#3471=CARTESIAN_POINT('',(-0.00568352974992815,-0.024,-0.0366610404626899));
#3472=CARTESIAN_POINT('',(0.00187553894797355,-0.024,-0.0386426443718592));
#3473=CARTESIAN_POINT('',(0.00187553894797355,-0.023,-0.0386426443718592));
#3474=CARTESIAN_POINT('',(0.00118051164127622,-0.024,-0.0383632537423679));
#3475=CARTESIAN_POINT('',(0.00118051164127622,-0.023,-0.0383632537423679));
#3476=CARTESIAN_POINT('',(-0.000153492382868653,-0.024,-0.0380235009398385));
#3477=CARTESIAN_POINT('',(-0.000153492382868653,-0.023,-0.0380235009398385));
#3478=CARTESIAN_POINT('',(-0.00212647312446107,-0.024,-0.0376233859642707));
#3479=CARTESIAN_POINT('',(-0.00212647312446107,-0.023,-0.0376233859642707));
#3480=CARTESIAN_POINT('',(0.00187553894797355,-0.024,-0.0386426443718592));
#3481=CARTESIAN_POINT('',(0.00187553894797355,-0.024,-0.0386426443718592));
#3482=CARTESIAN_POINT('',(0.00187553894797355,-0.024,-0.0386426443718592));
#3483=CARTESIAN_POINT('',(0.000832997987927554,-0.024,-0.0382235584276223));
#3484=CARTESIAN_POINT('',(-0.00212647312446107,-0.024,-0.0376233859642707));
#3485=CARTESIAN_POINT('',(0.0034923828686404,-0.024,-0.0396929461827243));
#3486=CARTESIAN_POINT('',(0.0034923828686404,-0.023,-0.0396929461827243));
#3487=CARTESIAN_POINT('',(0.0031095142282265,-0.024,-0.0392721356049721));
#3488=CARTESIAN_POINT('',(0.0031095142282265,-0.023,-0.0392721356049721));
#3489=CARTESIAN_POINT('',(0.00257056625467088,-0.024,-0.0389220350013504));
#3490=CARTESIAN_POINT('',(0.00257056625467088,-0.023,-0.0389220350013504));
#3491=CARTESIAN_POINT('',(0.00187553894797355,-0.024,-0.0386426443718592));
#3492=CARTESIAN_POINT('',(0.00187553894797355,-0.023,-0.0386426443718592));
#3493=CARTESIAN_POINT('',(0.0034923828686404,-0.024,-0.0396929461827243));
#3494=CARTESIAN_POINT('',(0.0034923828686404,-0.024,-0.0396929461827243));
#3495=CARTESIAN_POINT('',(0.0034923828686404,-0.024,-0.0396929461827243));
#3496=CARTESIAN_POINT('',(0.00291807990801954,-0.024,-0.039061730316096));
#3497=CARTESIAN_POINT('',(0.00187553894797355,-0.024,-0.0386426443718592));
#3498=CARTESIAN_POINT('',(0.00406668582926127,-0.024,-0.0412916814514798));
#3499=CARTESIAN_POINT('',(0.00406668582926127,-0.023,-0.0412916814514798));
#3500=CARTESIAN_POINT('',(0.00406668582926127,-0.024,-0.0406466685167284));
#3501=CARTESIAN_POINT('',(0.00406668582926127,-0.023,-0.0406466685167284));
#3502=CARTESIAN_POINT('',(0.00387525150905431,-0.024,-0.0401137567604766));
#3503=CARTESIAN_POINT('',(0.00387525150905431,-0.023,-0.0401137567604766));
#3504=CARTESIAN_POINT('',(0.0034923828686404,-0.024,-0.0396929461827243));
#3505=CARTESIAN_POINT('',(0.0034923828686404,-0.023,-0.0396929461827243));
#3506=CARTESIAN_POINT('',(0.00406668582926127,-0.024,-0.0412916814514798));
#3507=CARTESIAN_POINT('',(0.00406668582926127,-0.024,-0.0412916814514798));
#3508=CARTESIAN_POINT('',(0.00406668582926127,-0.024,-0.0412916814514798));
#3509=CARTESIAN_POINT('',(0.00406668582926127,-0.024,-0.0403241620493527));
#3510=CARTESIAN_POINT('',(0.0034923828686404,-0.024,-0.0396929461827243));
#3511=CARTESIAN_POINT('',(-0.000931302098304117,-0.024,-0.0443339349726065));
#3512=CARTESIAN_POINT('',(-0.000931302098304117,-0.023,-0.0443339349726065));
#3513=CARTESIAN_POINT('',(0.00240068985340614,-0.024,-0.0443339349726065));
#3514=CARTESIAN_POINT('',(0.00240068985340614,-0.023,-0.0443339349726065));
#3515=CARTESIAN_POINT('',(0.00406668582926127,-0.024,-0.0433198504655642));
#3516=CARTESIAN_POINT('',(0.00406668582926127,-0.023,-0.0433198504655642));
#3517=CARTESIAN_POINT('',(0.00406668582926127,-0.024,-0.0412916814514798));
#3518=CARTESIAN_POINT('',(0.00406668582926127,-0.023,-0.0412916814514798));
#3519=CARTESIAN_POINT('',(-0.000931302098304117,-0.024,-0.0443339349726065));
#3520=CARTESIAN_POINT('',(-0.000931302098304117,-0.024,-0.0443339349726065));
#3521=CARTESIAN_POINT('',(-0.000931302098304117,-0.024,-0.0443339349726065));
#3522=CARTESIAN_POINT('',(0.00406668582926127,-0.024,-0.0443339349726065));
#3523=CARTESIAN_POINT('',(0.00406668582926127,-0.024,-0.0412916814514798));
#3524=CARTESIAN_POINT('',(-0.00469531474561657,-0.024,-0.0435164586863174));
#3525=CARTESIAN_POINT('',(-0.00469531474561657,-0.023,-0.0435164586863174));
#3526=CARTESIAN_POINT('',(-0.00378988215004313,-0.024,-0.0440614428771768));
#3527=CARTESIAN_POINT('',(-0.00378988215004313,-0.023,-0.0440614428771768));
#3528=CARTESIAN_POINT('',(-0.00253521126760565,-0.024,-0.0443339349726065));
#3529=CARTESIAN_POINT('',(-0.00253521126760565,-0.023,-0.0443339349726065));
#3530=CARTESIAN_POINT('',(-0.000931302098304117,-0.024,-0.0443339349726065));
#3531=CARTESIAN_POINT('',(-0.000931302098304117,-0.023,-0.0443339349726065));
#3532=CARTESIAN_POINT('',(-0.00469531474561657,-0.024,-0.0435164586863174));
#3533=CARTESIAN_POINT('',(-0.00469531474561657,-0.024,-0.0435164586863174));
#3534=CARTESIAN_POINT('',(-0.00469531474561657,-0.024,-0.0435164586863174));
#3535=CARTESIAN_POINT('',(-0.00333716585225641,-0.024,-0.0443339349726065));
#3536=CARTESIAN_POINT('',(-0.000931302098304117,-0.024,-0.0443339349726065));
#3537=CARTESIAN_POINT('',(-0.00652428858867492,-0.024,-0.0408881172088813));
#3538=CARTESIAN_POINT('',(-0.00652428858867492,-0.023,-0.0408881172088813));
#3539=CARTESIAN_POINT('',(-0.00621040528887613,-0.024,-0.0420953606696459));
#3540=CARTESIAN_POINT('',(-0.00621040528887613,-0.023,-0.0420953606696459));
#3541=CARTESIAN_POINT('',(-0.00560074734119001,-0.024,-0.0429714744954579));
#3542=CARTESIAN_POINT('',(-0.00560074734119001,-0.023,-0.0429714744954579));
#3543=CARTESIAN_POINT('',(-0.00469531474561657,-0.024,-0.0435164586863174));
#3544=CARTESIAN_POINT('',(-0.00469531474561657,-0.023,-0.0435164586863174));
#3545=CARTESIAN_POINT('',(-0.00652428858867492,-0.024,-0.0408881172088813));
#3546=CARTESIAN_POINT('',(-0.00652428858867492,-0.024,-0.0408881172088813));
#3547=CARTESIAN_POINT('',(-0.00652428858867492,-0.024,-0.0408881172088813));
#3548=CARTESIAN_POINT('',(-0.00605346363897673,-0.024,-0.0426989824000282));
#3549=CARTESIAN_POINT('',(-0.00469531474561657,-0.024,-0.0435164586863174));
#3550=CARTESIAN_POINT('',(-0.00882926128197759,-0.024,-0.0412683988990222));
#3551=CARTESIAN_POINT('',(-0.0111342339752803,-0.024,-0.0416486805891629));
#3552=CARTESIAN_POINT('',(-0.0111342339752803,-0.024,-0.0416486805891629));
#3553=CARTESIAN_POINT('',(-0.00882926128197759,-0.024,-0.0412683988990222));
#3554=CARTESIAN_POINT('',(-0.00793158953722335,-0.024,-0.0463543431358718));
#3555=CARTESIAN_POINT('',(-0.00793158953722335,-0.023,-0.0463543431358718));
#3556=CARTESIAN_POINT('',(-0.00959068697901697,-0.024,-0.0453178383931296));
#3557=CARTESIAN_POINT('',(-0.00959068697901697,-0.023,-0.0453178383931296));
#3558=CARTESIAN_POINT('',(-0.0106582351250359,-0.024,-0.0437492842108934));
#3559=CARTESIAN_POINT('',(-0.0106582351250359,-0.023,-0.0437492842108934));
#3560=CARTESIAN_POINT('',(-0.0111342339752803,-0.024,-0.0416486805891629));
#3561=CARTESIAN_POINT('',(-0.0111342339752803,-0.023,-0.0416486805891629));
#3562=CARTESIAN_POINT('',(-0.00793158953722335,-0.024,-0.0463543431358718));
#3563=CARTESIAN_POINT('',(-0.00793158953722335,-0.024,-0.0463543431358718));
#3564=CARTESIAN_POINT('',(-0.00793158953722335,-0.024,-0.0463543431358718));
#3565=CARTESIAN_POINT('',(-0.0104202356999138,-0.024,-0.0447995860217586));
#3566=CARTESIAN_POINT('',(-0.0111342339752803,-0.024,-0.0416486805891629));
#3567=CARTESIAN_POINT('',(-0.00106064961195747,-0.024,-0.0479091002499851));
#3568=CARTESIAN_POINT('',(-0.00106064961195747,-0.023,-0.0479091002499851));
#3569=CARTESIAN_POINT('',(-0.00398217878700777,-0.024,-0.0479091002499851));
#3570=CARTESIAN_POINT('',(-0.00398217878700777,-0.023,-0.0479091002499851));
#3571=CARTESIAN_POINT('',(-0.00627249209542973,-0.024,-0.047390847878614));
#3572=CARTESIAN_POINT('',(-0.00627249209542973,-0.023,-0.047390847878614));
#3573=CARTESIAN_POINT('',(-0.00793158953722335,-0.024,-0.0463543431358718));
#3574=CARTESIAN_POINT('',(-0.00793158953722335,-0.023,-0.0463543431358718));
#3575=CARTESIAN_POINT('',(-0.00106064961195747,-0.024,-0.0479091002499851));
#3576=CARTESIAN_POINT('',(-0.00106064961195747,-0.024,-0.0479091002499851));
#3577=CARTESIAN_POINT('',(-0.00106064961195747,-0.024,-0.0479091002499851));
#3578=CARTESIAN_POINT('',(-0.00544294337453292,-0.024,-0.0479091002499851));
#3579=CARTESIAN_POINT('',(-0.00793158953722335,-0.024,-0.0463543431358718));
#3580=CARTESIAN_POINT('',(0.00622420235699913,-0.024,-0.0461370393129342));
#3581=CARTESIAN_POINT('',(0.00622420235699913,-0.023,-0.0461370393129342));
#3582=CARTESIAN_POINT('',(0.00456855418223627,-0.024,-0.0473184132709681));
#3583=CARTESIAN_POINT('',(0.00456855418223627,-0.023,-0.0473184132709681));
#3584=CARTESIAN_POINT('',(0.00214027019258407,-0.024,-0.0479091002499851));
#3585=CARTESIAN_POINT('',(0.00214027019258407,-0.023,-0.0479091002499851));
#3586=CARTESIAN_POINT('',(-0.00106064961195747,-0.024,-0.0479091002499851));
#3587=CARTESIAN_POINT('',(-0.00106064961195747,-0.023,-0.0479091002499851));
#3588=CARTESIAN_POINT('',(0.00622420235699913,-0.024,-0.0461370393129342));
#3589=CARTESIAN_POINT('',(0.00374073009485483,-0.024,-0.0479091002499851));
#3590=CARTESIAN_POINT('',(-0.00106064961195747,-0.024,-0.0479091002499851));
#3591=CARTESIAN_POINT('',(-1.38777878078145E-17,-0.024,-0.0358254555244892));
#3592=CARTESIAN_POINT('',(-0.0182793906294913,-0.024,-0.0360246506955154));
#3593=CARTESIAN_POINT('',(-0.0182793906294913,-0.023,-0.0360246506955154));
#3594=CARTESIAN_POINT('',(-0.0182793906294913,-0.024,-0.0335756711036786));
#3595=CARTESIAN_POINT('',(-0.0182793906294913,-0.023,-0.0335756711036786));
#3596=CARTESIAN_POINT('',(-0.018914918079908,-0.024,-0.0317070306897666));
#3597=CARTESIAN_POINT('',(-0.018914918079908,-0.023,-0.0317070306897666));
#3598=CARTESIAN_POINT('',(-0.0201859729807416,-0.024,-0.0304187294537792));
#3599=CARTESIAN_POINT('',(-0.0201859729807416,-0.023,-0.0304187294537792));
#3600=CARTESIAN_POINT('',(-0.0182793906294913,-0.023,-0.0360246506955154));
#3601=CARTESIAN_POINT('',(-0.0182793906294913,-0.023,-0.0323511813077602));
#3602=CARTESIAN_POINT('',(-0.0201859729807416,-0.023,-0.0304187294537792));
#3603=CARTESIAN_POINT('',(-0.0182793906294913,-0.023,-0.0360246506955154));
#3604=CARTESIAN_POINT('',(-0.0201859729807416,-0.023,-0.0304187294537792));
#3605=CARTESIAN_POINT('',(-0.0182793906294913,-0.024,-0.0360246506955154));
#3606=CARTESIAN_POINT('',(-0.0182793906294913,-0.024,-0.0360246506955154));
#3607=CARTESIAN_POINT('',(-0.0182793906294913,-0.024,-0.0360246506955154));
#3608=CARTESIAN_POINT('',(-0.0182793906294913,-0.024,-0.0323511813077602));
#3609=CARTESIAN_POINT('',(-0.0201859729807416,-0.024,-0.0304187294537792));
#3610=CARTESIAN_POINT('',(-0.0201859729807416,-0.024,-0.0304187294537792));
#3611=CARTESIAN_POINT('',(-0.0201859729807416,-0.024,-0.0304187294537792));
#3612=CARTESIAN_POINT('',(-0.0200902558206381,-0.024,-0.0417780281028163));
#3613=CARTESIAN_POINT('',(-0.0200902558206381,-0.023,-0.0417780281028163));
#3614=CARTESIAN_POINT('',(-0.0188830123598735,-0.024,-0.0403672778872371));
#3615=CARTESIAN_POINT('',(-0.0188830123598735,-0.023,-0.0403672778872371));
#3616=CARTESIAN_POINT('',(-0.0182793906294913,-0.024,-0.0384494854181368));
#3617=CARTESIAN_POINT('',(-0.0182793906294913,-0.023,-0.0384494854181368));
#3618=CARTESIAN_POINT('',(-0.0182793906294913,-0.024,-0.0360246506955154));
#3619=CARTESIAN_POINT('',(-0.0182793906294913,-0.023,-0.0360246506955154));
#3620=CARTESIAN_POINT('',(-0.0200902558206381,-0.023,-0.0417780281028163));
#3621=CARTESIAN_POINT('',(-0.0182793906294913,-0.023,-0.0396619027794476));
#3622=CARTESIAN_POINT('',(-0.0182793906294913,-0.023,-0.0360246506955154));
#3623=CARTESIAN_POINT('',(-0.0200902558206381,-0.023,-0.0417780281028163));
#3624=CARTESIAN_POINT('',(-0.0200902558206381,-0.024,-0.0417780281028163));
#3625=CARTESIAN_POINT('',(-0.0200902558206381,-0.024,-0.0417780281028163));
#3626=CARTESIAN_POINT('',(-0.0200902558206381,-0.024,-0.0417780281028163));
#3627=CARTESIAN_POINT('',(-0.0182793906294913,-0.024,-0.0396619027794476));
#3628=CARTESIAN_POINT('',(-0.0182793906294913,-0.024,-0.0360246506955154));
#3629=CARTESIAN_POINT('',(-0.0249744179361886,-0.024,-0.0438941534261851));
#3630=CARTESIAN_POINT('',(-0.0249744179361886,-0.023,-0.0438941534261851));
#3631=CARTESIAN_POINT('',(-0.0229255533199195,-0.024,-0.0438941534261851));
#3632=CARTESIAN_POINT('',(-0.0229255533199195,-0.023,-0.0438941534261851));
#3633=CARTESIAN_POINT('',(-0.0212974992814027,-0.024,-0.0431887783183955));
#3634=CARTESIAN_POINT('',(-0.0212974992814027,-0.023,-0.0431887783183955));
#3635=CARTESIAN_POINT('',(-0.0200902558206381,-0.024,-0.0417780281028163));
#3636=CARTESIAN_POINT('',(-0.0200902558206381,-0.023,-0.0417780281028163));
#3637=CARTESIAN_POINT('',(-0.0249744179361886,-0.023,-0.0438941534261851));
#3638=CARTESIAN_POINT('',(-0.021901121011785,-0.023,-0.0438941534261851));
#3639=CARTESIAN_POINT('',(-0.0200902558206381,-0.023,-0.0417780281028163));
#3640=CARTESIAN_POINT('',(-0.0249744179361886,-0.023,-0.0438941534261851));
#3641=CARTESIAN_POINT('',(-0.0249744179361886,-0.024,-0.0438941534261851));
#3642=CARTESIAN_POINT('',(-0.0249744179361886,-0.024,-0.0438941534261851));
#3643=CARTESIAN_POINT('',(-0.0249744179361886,-0.024,-0.0438941534261851));
#3644=CARTESIAN_POINT('',(-0.021901121011785,-0.024,-0.0438941534261851));
#3645=CARTESIAN_POINT('',(-0.0200902558206381,-0.024,-0.0417780281028163));
#3646=CARTESIAN_POINT('',(-0.0269948260994539,-0.024,-0.0438941534261851));
#3647=CARTESIAN_POINT('',(-0.0269948260994539,-0.023,-0.0438941534261851));
#3648=CARTESIAN_POINT('',(-0.0290152342627192,-0.023,-0.0438941534261851));
#3649=CARTESIAN_POINT('',(-0.0290152342627192,-0.024,-0.0438941534261851));
#3650=CARTESIAN_POINT('',(-0.0290152342627192,-0.024,-0.0438941534261851));
#3651=CARTESIAN_POINT('',(-0.0269948260994539,-0.024,-0.0438941534261851));
#3652=CARTESIAN_POINT('',(-0.0290152342627192,-0.024,-0.0361902155129916));
#3653=CARTESIAN_POINT('',(-0.0290152342627192,-0.023,-0.0361902155129916));
#3654=CARTESIAN_POINT('',(-0.0290152342627192,-0.023,-0.0284862775997982));
#3655=CARTESIAN_POINT('',(-0.0290152342627192,-0.024,-0.0284862775997982));
#3656=CARTESIAN_POINT('',(-0.0290152342627192,-0.024,-0.0284862775997982));
#3657=CARTESIAN_POINT('',(-0.0290152342627192,-0.024,-0.0361902155129916));
#3658=CARTESIAN_POINT('',(-0.0273259557344065,-0.024,-0.0284862775997982));
#3659=CARTESIAN_POINT('',(-0.0273259557344065,-0.023,-0.0284862775997982));
#3660=CARTESIAN_POINT('',(-0.0256366772060937,-0.023,-0.0284862775997982));
#3661=CARTESIAN_POINT('',(-0.0256366772060937,-0.024,-0.0284862775997982));
#3662=CARTESIAN_POINT('',(-0.0256366772060937,-0.024,-0.0284862775997982));
#3663=CARTESIAN_POINT('',(-0.0273259557344065,-0.024,-0.0284862775997982));
#3664=CARTESIAN_POINT('',(-0.0134780109226789,-0.024,-0.0360246506955154));
#3665=CARTESIAN_POINT('',(-0.0134780109226789,-0.023,-0.0360246506955154));
#3666=CARTESIAN_POINT('',(-0.0134780109226789,-0.024,-0.0383736015434602));
#3667=CARTESIAN_POINT('',(-0.0134780109226789,-0.023,-0.0383736015434602));
#3668=CARTESIAN_POINT('',(-0.0139384880712849,-0.024,-0.0404233284764869));
#3669=CARTESIAN_POINT('',(-0.0139384880712849,-0.023,-0.0404233284764869));
#3670=CARTESIAN_POINT('',(-0.0148594423684967,-0.024,-0.0421738314945955));
#3671=CARTESIAN_POINT('',(-0.0148594423684967,-0.023,-0.0421738314945955));
#3672=CARTESIAN_POINT('',(-0.0134780109226789,-0.024,-0.0360246506955154));
#3673=CARTESIAN_POINT('',(-0.0134780109226789,-0.024,-0.0360246506955154));
#3674=CARTESIAN_POINT('',(-0.0134780109226789,-0.024,-0.0360246506955154));
#3675=CARTESIAN_POINT('',(-0.0134780109226789,-0.024,-0.0395480769674326));
#3676=CARTESIAN_POINT('',(-0.0148594423684967,-0.024,-0.0421738314945955));
#3677=CARTESIAN_POINT('',(-0.0148594423684967,-0.024,-0.0421738314945955));
#3678=CARTESIAN_POINT('',(-0.0148594423684967,-0.024,-0.0421738314945955));
#3679=CARTESIAN_POINT('',(-0.0166315033055476,-0.024,-0.027705018617332));
#3680=CARTESIAN_POINT('',(-0.0166315033055476,-0.023,-0.027705018617332));
#3681=CARTESIAN_POINT('',(-0.0145291750503018,-0.024,-0.0296400574215861));
#3682=CARTESIAN_POINT('',(-0.0145291750503018,-0.023,-0.0296400574215861));
#3683=CARTESIAN_POINT('',(-0.0134780109226789,-0.024,-0.0324132681143139));
#3684=CARTESIAN_POINT('',(-0.0134780109226789,-0.023,-0.0324132681143139));
#3685=CARTESIAN_POINT('',(-0.0134780109226789,-0.024,-0.0360246506955154));
#3686=CARTESIAN_POINT('',(-0.0134780109226789,-0.023,-0.0360246506955154));
#3687=CARTESIAN_POINT('',(-0.0166315033055476,-0.024,-0.027705018617332));
#3688=CARTESIAN_POINT('',(-0.0166315033055476,-0.024,-0.027705018617332));
#3689=CARTESIAN_POINT('',(-0.0166315033055476,-0.024,-0.027705018617332));
#3690=CARTESIAN_POINT('',(-0.0134780109226789,-0.024,-0.0306075768237132));
#3691=CARTESIAN_POINT('',(-0.0134780109226789,-0.024,-0.0360246506955154));
#3692=CARTESIAN_POINT('',(-0.0255383730957172,-0.024,-0.0248024604109509));
#3693=CARTESIAN_POINT('',(-0.0255383730957172,-0.023,-0.0248024604109509));
#3694=CARTESIAN_POINT('',(-0.0217027881575166,-0.024,-0.0248024604109509));
#3695=CARTESIAN_POINT('',(-0.0217027881575166,-0.023,-0.0248024604109509));
#3696=CARTESIAN_POINT('',(-0.0187338315607934,-0.024,-0.0257699798130779));
#3697=CARTESIAN_POINT('',(-0.0187338315607934,-0.023,-0.0257699798130779));
#3698=CARTESIAN_POINT('',(-0.0166315033055476,-0.024,-0.027705018617332));
#3699=CARTESIAN_POINT('',(-0.0166315033055476,-0.023,-0.027705018617332));
#3700=CARTESIAN_POINT('',(-0.0255383730957172,-0.024,-0.0248024604109509));
#3701=CARTESIAN_POINT('',(-0.0255383730957172,-0.024,-0.0248024604109509));
#3702=CARTESIAN_POINT('',(-0.0255383730957172,-0.024,-0.0248024604109509));
#3703=CARTESIAN_POINT('',(-0.0197849956884163,-0.024,-0.0248024604109509));
#3704=CARTESIAN_POINT('',(-0.0166315033055476,-0.024,-0.027705018617332));
#3705=CARTESIAN_POINT('',(-0.0296619718309859,-0.024,-0.0248024604109509));
#3706=CARTESIAN_POINT('',(-0.0337855705662547,-0.024,-0.0248024604109509));
#3707=CARTESIAN_POINT('',(-0.0337855705662547,-0.024,-0.0248024604109509));
#3708=CARTESIAN_POINT('',(-0.0296619718309859,-0.024,-0.0248024604109509));
#3709=CARTESIAN_POINT('',(-0.0337855705662547,-0.024,-0.0361928024632647));
#3710=CARTESIAN_POINT('',(-0.0337855705662547,-0.024,-0.0475831445155786));
#3711=CARTESIAN_POINT('',(-0.0337855705662547,-0.024,-0.0475831445155786));
#3712=CARTESIAN_POINT('',(-0.0337855705662547,-0.024,-0.0361928024632647));
#3713=CARTESIAN_POINT('',(-0.0291782121299224,-0.024,-0.0475831445155786));
#3714=CARTESIAN_POINT('',(-0.0245708536935902,-0.024,-0.0475831445155786));
#3715=CARTESIAN_POINT('',(-0.0245708536935902,-0.024,-0.0475831445155786));
#3716=CARTESIAN_POINT('',(-0.0291782121299224,-0.024,-0.0475831445155786));
#3717=CARTESIAN_POINT('',(-0.0187709111813739,-0.024,-0.0461913652686686));
#3718=CARTESIAN_POINT('',(-0.0187709111813739,-0.023,-0.0461913652686686));
#3719=CARTESIAN_POINT('',(-0.0204576027594136,-0.024,-0.0471192180999419));
#3720=CARTESIAN_POINT('',(-0.0204576027594136,-0.023,-0.0471192180999419));
#3721=CARTESIAN_POINT('',(-0.0223909169301524,-0.024,-0.0475831445155786));
#3722=CARTESIAN_POINT('',(-0.0223909169301524,-0.023,-0.0475831445155786));
#3723=CARTESIAN_POINT('',(-0.0245708536935902,-0.024,-0.0475831445155786));
#3724=CARTESIAN_POINT('',(-0.0245708536935902,-0.023,-0.0475831445155786));
#3725=CARTESIAN_POINT('',(-0.0187709111813739,-0.024,-0.0461913652686686));
#3726=CARTESIAN_POINT('',(-0.0187709111813739,-0.024,-0.0461913652686686));
#3727=CARTESIAN_POINT('',(-0.0187709111813739,-0.024,-0.0461913652686686));
#3728=CARTESIAN_POINT('',(-0.0213009485484334,-0.024,-0.0475831445155786));
#3729=CARTESIAN_POINT('',(-0.0245708536935902,-0.024,-0.0475831445155786));
#3730=CARTESIAN_POINT('',(-0.0148594423684967,-0.024,-0.0421738314945955));
#3731=CARTESIAN_POINT('',(-0.0148594423684967,-0.023,-0.0421738314945955));
#3732=CARTESIAN_POINT('',(-0.0157803966657085,-0.024,-0.0439243345127042));
#3733=CARTESIAN_POINT('',(-0.0157803966657085,-0.023,-0.0439243345127042));
#3734=CARTESIAN_POINT('',(-0.0170842196033343,-0.024,-0.0452635124373952));
#3735=CARTESIAN_POINT('',(-0.0170842196033343,-0.023,-0.0452635124373952));
#3736=CARTESIAN_POINT('',(-0.0187709111813739,-0.024,-0.0461913652686686));
#3737=CARTESIAN_POINT('',(-0.0187709111813739,-0.023,-0.0461913652686686));
#3738=CARTESIAN_POINT('',(-0.0148594423684967,-0.024,-0.0421738314945955));
#3739=CARTESIAN_POINT('',(-0.0162408738143145,-0.024,-0.0447995860217586));
#3740=CARTESIAN_POINT('',(-0.0187709111813739,-0.024,-0.0461913652686686));
#3741=CARTESIAN_POINT('',(-0.0201859729807416,-0.024,-0.0304187294537792));
#3742=CARTESIAN_POINT('',(-0.0201859729807416,-0.023,-0.0304187294537792));
#3743=CARTESIAN_POINT('',(-0.0214570278815752,-0.024,-0.0291304282177919));
#3744=CARTESIAN_POINT('',(-0.0214570278815752,-0.023,-0.0291304282177919));
#3745=CARTESIAN_POINT('',(-0.0232739292900259,-0.024,-0.0284862775997982));
#3746=CARTESIAN_POINT('',(-0.0232739292900259,-0.023,-0.0284862775997982));
#3747=CARTESIAN_POINT('',(-0.0256366772060937,-0.024,-0.0284862775997982));
#3748=CARTESIAN_POINT('',(-0.0256366772060937,-0.023,-0.0284862775997982));
#3749=CARTESIAN_POINT('',(-0.0201859729807416,-0.023,-0.0304187294537792));
#3750=CARTESIAN_POINT('',(-0.022092555331992,-0.023,-0.0284862775997982));
#3751=CARTESIAN_POINT('',(-0.0256366772060937,-0.023,-0.0284862775997982));
#3752=CARTESIAN_POINT('',(-0.0201859729807416,-0.024,-0.0304187294537792));
#3753=CARTESIAN_POINT('',(-0.022092555331992,-0.024,-0.0284862775997982));
#3754=CARTESIAN_POINT('',(-0.0256366772060937,-0.024,-0.0284862775997982));
#3755=CARTESIAN_POINT('',(-1.38777878078145E-17,-0.024,-0.0358254555244892));
#3756=CARTESIAN_POINT('',(0.,-0.023,0.));
#3757=MECHANICAL_DESIGN_GEOMETRIC_PRESENTATION_REPRESENTATION('',(#2082),
#3758);
#3758=(
GEOMETRIC_REPRESENTATION_CONTEXT(3)
GLOBAL_UNCERTAINTY_ASSIGNED_CONTEXT((#3759))
GLOBAL_UNIT_ASSIGNED_CONTEXT((#3762,#3761,#3760))
REPRESENTATION_CONTEXT('top','TOP_LEVEL_ASSEMBLY_PART')
);
#3759=UNCERTAINTY_MEASURE_WITH_UNIT(LENGTH_MEASURE(2.E-5),#3762,
'DISTANCE_ACCURACY_VALUE','Maximum Tolerance applied to model');
#3760=(
NAMED_UNIT(*)
SI_UNIT($,.STERADIAN.)
SOLID_ANGLE_UNIT()
);
#3761=(
NAMED_UNIT(*)
PLANE_ANGLE_UNIT()
SI_UNIT($,.RADIAN.)
);
#3762=(
LENGTH_UNIT()
NAMED_UNIT(*)
SI_UNIT($,.METRE.)
);
#3763=PRODUCT_DEFINITION_SHAPE('','',#3764);
#3764=PRODUCT_DEFINITION('','',#3766,#3765);
#3765=PRODUCT_DEFINITION_CONTEXT('',#3772,'design');
#3766=PRODUCT_DEFINITION_FORMATION_WITH_SPECIFIED_SOURCE('','',#3768,
 .NOT_KNOWN.);
#3767=PRODUCT_RELATED_PRODUCT_CATEGORY('','',(#3768));
#3768=PRODUCT('top','top','top',(#3770));
#3769=PRODUCT_CATEGORY('','');
#3770=PRODUCT_CONTEXT('',#3772,'mechanical');
#3771=APPLICATION_PROTOCOL_DEFINITION('international standard',
'ap242_managed_model_based_3d_engineering',2020,#3772);
#3772=APPLICATION_CONTEXT('managed model based 3d engineering');
ENDSEC;
END-ISO-10303-21;
